panel,model_id,model,dose,series,direction_kind,direction_index,estimate,ci_low,ci_high,n_sessions,n_directions,sample
steered_minus_clean_margin,qwen25_32b,Qwen2.5-32B,-1.0,valenced,valenced,valenced,-4.012499990916938,-4.331249956699399,-3.709335929321788,160,1,all_recorded_ungated
steered_minus_clean_margin,qwen25_32b,Qwen2.5-32B,-0.5,valenced,valenced,valenced,-1.2890625018415482,-1.4250781357639744,-1.162500000649972,160,1,all_recorded_ungated
steered_minus_clean_margin,qwen25_32b,Qwen2.5-32B,0.0,valenced,valenced,valenced,0.0,0.0,0.0,160,1,all_recorded_ungated
steered_minus_clean_margin,qwen25_32b,Qwen2.5-32B,0.5,valenced,valenced,valenced,0.578124978152631,0.4593749777868609,0.704687455943249,160,1,all_recorded_ungated
steered_minus_clean_margin,qwen25_32b,Qwen2.5-32B,1.0,valenced,valenced,valenced,0.5718750070965453,0.29218747974099946,0.842226548817124,160,1,all_recorded_ungated
steered_minus_clean_margin,qwen25_32b,Qwen2.5-32B,-1.0,random_direction,random,0,-0.23124992093860755,,,40,1,all_recorded_ungated
steered_minus_clean_margin,qwen25_32b,Qwen2.5-32B,-0.5,random_direction,random,0,0.07500006092499518,,,40,1,all_recorded_ungated
steered_minus_clean_margin,qwen25_32b,Qwen2.5-32B,0.0,random_direction,random,0,0.0,,,1,1,all_recorded_ungated
steered_minus_clean_margin,qwen25_32b,Qwen2.5-32B,0.5,random_direction,random,0,-0.1874999188794945,,,40,1,all_recorded_ungated
steered_minus_clean_margin,qwen25_32b,Qwen2.5-32B,1.0,random_direction,random,0,-0.8249998971798511,,,40,1,all_recorded_ungated
steered_minus_clean_margin,qwen25_32b,Qwen2.5-32B,-1.0,random_direction,random,1,-3.5812499922214074,,,40,1,all_recorded_ungated
steered_minus_clean_margin,qwen25_32b,Qwen2.5-32B,-0.5,random_direction,random,1,-1.2687499219565455,,,40,1,all_recorded_ungated
steered_minus_clean_margin,qwen25_32b,Qwen2.5-32B,0.0,random_direction,random,1,0.0,,,1,1,all_recorded_ungated
steered_minus_clean_margin,qwen25_32b,Qwen2.5-32B,0.5,random_direction,random,1,0.5062500511015386,,,40,1,all_recorded_ungated
steered_minus_clean_margin,qwen25_32b,Qwen2.5-32B,1.0,random_direction,random,1,0.39375000198256627,,,40,1,all_recorded_ungated
steered_minus_clean_margin,qwen25_32b,Qwen2.5-32B,-1.0,random_direction,random,2,-0.0812499386112238,,,40,1,all_recorded_ungated
steered_minus_clean_margin,qwen25_32b,Qwen2.5-32B,-0.5,random_direction,random,2,0.07500006237005578,,,40,1,all_recorded_ungated
steered_minus_clean_margin,qwen25_32b,Qwen2.5-32B,0.0,random_direction,random,2,0.0,,,1,1,all_recorded_ungated
steered_minus_clean_margin,qwen25_32b,Qwen2.5-32B,0.5,random_direction,random,2,-0.206249945219173,,,40,1,all_recorded_ungated
steered_minus_clean_margin,qwen25_32b,Qwen2.5-32B,1.0,random_direction,random,2,-0.5562499213390595,,,40,1,all_recorded_ungated
steered_minus_clean_margin,qwen25_32b,Qwen2.5-32B,-1.0,random_direction,random,3,-2.2499999756433424,,,40,1,all_recorded_ungated
steered_minus_clean_margin,qwen25_32b,Qwen2.5-32B,-0.5,random_direction,random,3,-0.9437499124361551,,,40,1,all_recorded_ungated
steered_minus_clean_margin,qwen25_32b,Qwen2.5-32B,0.0,random_direction,random,3,0.0,,,1,1,all_recorded_ungated
steered_minus_clean_margin,qwen25_32b,Qwen2.5-32B,0.5,random_direction,random,3,0.7062500208042977,,,40,1,all_recorded_ungated
steered_minus_clean_margin,qwen25_32b,Qwen2.5-32B,1.0,random_direction,random,3,1.3062500723994714,,,40,1,all_recorded_ungated
steered_minus_clean_margin,qwen25_32b,Qwen2.5-32B,-1.0,random_direction,random,4,-1.818749896166193,,,40,1,all_recorded_ungated
steered_minus_clean_margin,qwen25_32b,Qwen2.5-32B,-0.5,random_direction,random,4,-0.5937499751768449,,,40,1,all_recorded_ungated
steered_minus_clean_margin,qwen25_32b,Qwen2.5-32B,0.0,random_direction,random,4,0.0,,,1,1,all_recorded_ungated
steered_minus_clean_margin,qwen25_32b,Qwen2.5-32B,0.5,random_direction,random,4,0.09375011406971794,,,40,1,all_recorded_ungated
steered_minus_clean_margin,qwen25_32b,Qwen2.5-32B,1.0,random_direction,random,4,-0.4749999389282394,,,40,1,all_recorded_ungated
steered_minus_clean_margin,qwen25_32b,Qwen2.5-32B,-1.0,random_direction,random,5,-2.4374998928295697,,,40,1,all_recorded_ungated
steered_minus_clean_margin,qwen25_32b,Qwen2.5-32B,-0.5,random_direction,random,5,-0.8999999269768253,,,40,1,all_recorded_ungated
steered_minus_clean_margin,qwen25_32b,Qwen2.5-32B,0.0,random_direction,random,5,0.0,,,1,1,all_recorded_ungated
steered_minus_clean_margin,qwen25_32b,Qwen2.5-32B,0.5,random_direction,random,5,0.5812500705428192,,,40,1,all_recorded_ungated
steered_minus_clean_margin,qwen25_32b,Qwen2.5-32B,1.0,random_direction,random,5,0.9437500372951092,,,40,1,all_recorded_ungated
steered_minus_clean_margin,qwen25_32b,Qwen2.5-32B,-1.0,random_direction,random,6,1.2562500381398607,,,40,1,all_recorded_ungated
steered_minus_clean_margin,qwen25_32b,Qwen2.5-32B,-0.5,random_direction,random,6,0.7250000023734827,,,40,1,all_recorded_ungated
steered_minus_clean_margin,qwen25_32b,Qwen2.5-32B,0.0,random_direction,random,6,0.0,,,1,1,all_recorded_ungated
steered_minus_clean_margin,qwen25_32b,Qwen2.5-32B,0.5,random_direction,random,6,-1.1124999576259016,,,40,1,all_recorded_ungated
steered_minus_clean_margin,qwen25_32b,Qwen2.5-32B,1.0,random_direction,random,6,-2.5249999202079723,,,40,1,all_recorded_ungated
steered_minus_clean_margin,qwen25_32b,Qwen2.5-32B,-1.0,random_direction,random,7,-1.5312499295157438,,,40,1,all_recorded_ungated
steered_minus_clean_margin,qwen25_32b,Qwen2.5-32B,-0.5,random_direction,random,7,-0.36874996318019126,,,40,1,all_recorded_ungated
steered_minus_clean_margin,qwen25_32b,Qwen2.5-32B,0.0,random_direction,random,7,0.0,,,1,1,all_recorded_ungated
steered_minus_clean_margin,qwen25_32b,Qwen2.5-32B,0.5,random_direction,random,7,0.11875002724418948,,,40,1,all_recorded_ungated
steered_minus_clean_margin,qwen25_32b,Qwen2.5-32B,1.0,random_direction,random,7,-0.031249941121421897,,,40,1,all_recorded_ungated
steered_minus_clean_margin,qwen25_32b,Qwen2.5-32B,-1.0,random_direction,random,8,-1.9187499568964868,,,40,1,all_recorded_ungated
steered_minus_clean_margin,qwen25_32b,Qwen2.5-32B,-0.5,random_direction,random,8,-0.5687499429296402,,,40,1,all_recorded_ungated
steered_minus_clean_margin,qwen25_32b,Qwen2.5-32B,0.0,random_direction,random,8,0.0,,,1,1,all_recorded_ungated
steered_minus_clean_margin,qwen25_32b,Qwen2.5-32B,0.5,random_direction,random,8,-0.10625000184888478,,,40,1,all_recorded_ungated
steered_minus_clean_margin,qwen25_32b,Qwen2.5-32B,1.0,random_direction,random,8,-1.3249999374871897,,,40,1,all_recorded_ungated
steered_minus_clean_margin,qwen25_32b,Qwen2.5-32B,-1.0,random_direction,random,9,-0.4249999548958172,,,40,1,all_recorded_ungated
steered_minus_clean_margin,qwen25_32b,Qwen2.5-32B,-0.5,random_direction,random,9,-0.2624999533130435,,,40,1,all_recorded_ungated
steered_minus_clean_margin,qwen25_32b,Qwen2.5-32B,0.0,random_direction,random,9,0.0,,,1,1,all_recorded_ungated
steered_minus_clean_margin,qwen25_32b,Qwen2.5-32B,0.5,random_direction,random,9,0.14375005872750252,,,40,1,all_recorded_ungated
steered_minus_clean_margin,qwen25_32b,Qwen2.5-32B,1.0,random_direction,random,9,-0.06249994391338163,,,40,1,all_recorded_ungated
steered_minus_clean_margin,qwen25_32b,Qwen2.5-32B,-1.0,random_direction,random,10,-0.2687499335678417,,,40,1,all_recorded_ungated
steered_minus_clean_margin,qwen25_32b,Qwen2.5-32B,-0.5,random_direction,random,10,0.21875008577042365,,,40,1,all_recorded_ungated
steered_minus_clean_margin,qwen25_32b,Qwen2.5-32B,0.0,random_direction,random,10,0.0,,,1,1,all_recorded_ungated
steered_minus_clean_margin,qwen25_32b,Qwen2.5-32B,0.5,random_direction,random,10,-0.6374999107386585,,,40,1,all_recorded_ungated
steered_minus_clean_margin,qwen25_32b,Qwen2.5-32B,1.0,random_direction,random,10,-1.8687499728020929,,,40,1,all_recorded_ungated
steered_minus_clean_margin,qwen25_32b,Qwen2.5-32B,-1.0,random_direction,random,11,1.0312500808326746,,,40,1,all_recorded_ungated
steered_minus_clean_margin,qwen25_32b,Qwen2.5-32B,-0.5,random_direction,random,11,0.5187500655439663,,,40,1,all_recorded_ungated
steered_minus_clean_margin,qwen25_32b,Qwen2.5-32B,0.0,random_direction,random,11,0.0,,,1,1,all_recorded_ungated
steered_minus_clean_margin,qwen25_32b,Qwen2.5-32B,0.5,random_direction,random,11,-0.38749995635539064,,,40,1,all_recorded_ungated
steered_minus_clean_margin,qwen25_32b,Qwen2.5-32B,1.0,random_direction,random,11,-0.7749998734497033,,,40,1,all_recorded_ungated
steered_minus_clean_margin,qwen25_32b,Qwen2.5-32B,-1.0,random_direction,random,12,-1.4499998886319803,,,40,1,all_recorded_ungated
steered_minus_clean_margin,qwen25_32b,Qwen2.5-32B,-0.5,random_direction,random,12,-0.45624997796180955,,,40,1,all_recorded_ungated
steered_minus_clean_margin,qwen25_32b,Qwen2.5-32B,0.0,random_direction,random,12,0.0,,,1,1,all_recorded_ungated
steered_minus_clean_margin,qwen25_32b,Qwen2.5-32B,0.5,random_direction,random,12,0.2500000627945923,,,40,1,all_recorded_ungated
steered_minus_clean_margin,qwen25_32b,Qwen2.5-32B,1.0,random_direction,random,12,0.5062500376707731,,,40,1,all_recorded_ungated
steered_minus_clean_margin,qwen25_32b,Qwen2.5-32B,-1.0,random_direction,random,13,0.9437500312033279,,,40,1,all_recorded_ungated
steered_minus_clean_margin,qwen25_32b,Qwen2.5-32B,-0.5,random_direction,random,13,0.5375000345124107,,,40,1,all_recorded_ungated
steered_minus_clean_margin,qwen25_32b,Qwen2.5-32B,0.0,random_direction,random,13,0.0,,,1,1,all_recorded_ungated
steered_minus_clean_margin,qwen25_32b,Qwen2.5-32B,0.5,random_direction,random,13,-0.612499909252346,,,40,1,all_recorded_ungated
steered_minus_clean_margin,qwen25_32b,Qwen2.5-32B,1.0,random_direction,random,13,-1.9874998998589972,,,40,1,all_recorded_ungated
steered_minus_clean_margin,qwen25_32b,Qwen2.5-32B,-1.0,random_direction,random,14,-0.731249943306888,,,40,1,all_recorded_ungated
steered_minus_clean_margin,qwen25_32b,Qwen2.5-32B,-0.5,random_direction,random,14,-0.13124995202635575,,,40,1,all_recorded_ungated
steered_minus_clean_margin,qwen25_32b,Qwen2.5-32B,0.0,random_direction,random,14,0.0,,,1,1,all_recorded_ungated
steered_minus_clean_margin,qwen25_32b,Qwen2.5-32B,0.5,random_direction,random,14,-0.256249958253855,,,40,1,all_recorded_ungated
steered_minus_clean_margin,qwen25_32b,Qwen2.5-32B,1.0,random_direction,random,14,-0.9249999246778892,,,40,1,all_recorded_ungated
steered_minus_clean_margin,qwen25_32b,Qwen2.5-32B,-1.0,random_direction,random,15,-1.7999999949340804,,,40,1,all_recorded_ungated
steered_minus_clean_margin,qwen25_32b,Qwen2.5-32B,-0.5,random_direction,random,15,-0.6874998616019325,,,40,1,all_recorded_ungated
steered_minus_clean_margin,qwen25_32b,Qwen2.5-32B,0.0,random_direction,random,15,0.0,,,1,1,all_recorded_ungated
steered_minus_clean_margin,qwen25_32b,Qwen2.5-32B,0.5,random_direction,random,15,0.6500000436175923,,,40,1,all_recorded_ungated
steered_minus_clean_margin,qwen25_32b,Qwen2.5-32B,1.0,random_direction,random,15,1.212500015062733,,,40,1,all_recorded_ungated
steered_minus_clean_margin,qwen25_32b,Qwen2.5-32B,-1.0,random_direction,random,16,0.5812500335691444,,,40,1,all_recorded_ungated
steered_minus_clean_margin,qwen25_32b,Qwen2.5-32B,-0.5,random_direction,random,16,0.5250000641075729,,,40,1,all_recorded_ungated
steered_minus_clean_margin,qwen25_32b,Qwen2.5-32B,0.0,random_direction,random,16,0.0,,,1,1,all_recorded_ungated
steered_minus_clean_margin,qwen25_32b,Qwen2.5-32B,0.5,random_direction,random,16,-1.2124999768112859,,,40,1,all_recorded_ungated
steered_minus_clean_margin,qwen25_32b,Qwen2.5-32B,1.0,random_direction,random,16,-3.2374999073800863,,,40,1,all_recorded_ungated
steered_minus_clean_margin,qwen25_32b,Qwen2.5-32B,-1.0,random_direction,random,17,0.3812500598656838,,,40,1,all_recorded_ungated
steered_minus_clean_margin,qwen25_32b,Qwen2.5-32B,-0.5,random_direction,random,17,0.28750009550093125,,,40,1,all_recorded_ungated
steered_minus_clean_margin,qwen25_32b,Qwen2.5-32B,0.0,random_direction,random,17,0.0,,,1,1,all_recorded_ungated
steered_minus_clean_margin,qwen25_32b,Qwen2.5-32B,0.5,random_direction,random,17,-0.6062499367172762,,,40,1,all_recorded_ungated
steered_minus_clean_margin,qwen25_32b,Qwen2.5-32B,1.0,random_direction,random,17,-1.856249918476624,,,40,1,all_recorded_ungated
steered_minus_clean_margin,qwen25_32b,Qwen2.5-32B,-1.0,random_direction,random,18,-0.1687500024515664,,,40,1,all_recorded_ungated
steered_minus_clean_margin,qwen25_32b,Qwen2.5-32B,-0.5,random_direction,random,18,0.25000007124390466,,,40,1,all_recorded_ungated
steered_minus_clean_margin,qwen25_32b,Qwen2.5-32B,0.0,random_direction,random,18,0.0,,,1,1,all_recorded_ungated
steered_minus_clean_margin,qwen25_32b,Qwen2.5-32B,0.5,random_direction,random,18,-1.043749881196075,,,40,1,all_recorded_ungated
steered_minus_clean_margin,qwen25_32b,Qwen2.5-32B,1.0,random_direction,random,18,-2.7062499436359886,,,40,1,all_recorded_ungated
steered_minus_clean_margin,qwen25_32b,Qwen2.5-32B,-1.0,random_direction,random,19,-0.9624999054478408,,,40,1,all_recorded_ungated
steered_minus_clean_margin,qwen25_32b,Qwen2.5-32B,-0.5,random_direction,random,19,0.09375006983019603,,,40,1,all_recorded_ungated
steered_minus_clean_margin,qwen25_32b,Qwen2.5-32B,0.0,random_direction,random,19,0.0,,,1,1,all_recorded_ungated
steered_minus_clean_margin,qwen25_32b,Qwen2.5-32B,0.5,random_direction,random,19,-0.3874999382262999,,,40,1,all_recorded_ungated
steered_minus_clean_margin,qwen25_32b,Qwen2.5-32B,1.0,random_direction,random,19,-0.7437499347228244,,,40,1,all_recorded_ungated
steered_minus_clean_margin,qwen25_32b,Qwen2.5-32B,-1.0,random_direction,random,20,-0.4562499616788024,,,40,1,all_recorded_ungated
steered_minus_clean_margin,qwen25_32b,Qwen2.5-32B,-0.5,random_direction,random,20,-0.04999997115120323,,,40,1,all_recorded_ungated
steered_minus_clean_margin,qwen25_32b,Qwen2.5-32B,0.0,random_direction,random,20,0.0,,,1,1,all_recorded_ungated
steered_minus_clean_margin,qwen25_32b,Qwen2.5-32B,0.5,random_direction,random,20,-0.20624998238627085,,,40,1,all_recorded_ungated
steered_minus_clean_margin,qwen25_32b,Qwen2.5-32B,1.0,random_direction,random,20,-0.9812499342085317,,,40,1,all_recorded_ungated
steered_minus_clean_margin,qwen25_32b,Qwen2.5-32B,-1.0,random_direction,random,21,-0.2624999206911909,,,40,1,all_recorded_ungated
steered_minus_clean_margin,qwen25_32b,Qwen2.5-32B,-0.5,random_direction,random,21,0.056250031815504545,,,40,1,all_recorded_ungated
steered_minus_clean_margin,qwen25_32b,Qwen2.5-32B,0.0,random_direction,random,21,0.0,,,1,1,all_recorded_ungated
steered_minus_clean_margin,qwen25_32b,Qwen2.5-32B,0.5,random_direction,random,21,-0.4624998942837607,,,40,1,all_recorded_ungated
steered_minus_clean_margin,qwen25_32b,Qwen2.5-32B,1.0,random_direction,random,21,-1.774999931736413,,,40,1,all_recorded_ungated
steered_minus_clean_margin,qwen25_32b,Qwen2.5-32B,-1.0,random_direction,random,22,0.8187501091488002,,,40,1,all_recorded_ungated
steered_minus_clean_margin,qwen25_32b,Qwen2.5-32B,-0.5,random_direction,random,22,0.6375000483273794,,,40,1,all_recorded_ungated
steered_minus_clean_margin,qwen25_32b,Qwen2.5-32B,0.0,random_direction,random,22,0.0,,,1,1,all_recorded_ungated
steered_minus_clean_margin,qwen25_32b,Qwen2.5-32B,0.5,random_direction,random,22,-0.8687499444584545,,,40,1,all_recorded_ungated
steered_minus_clean_margin,qwen25_32b,Qwen2.5-32B,1.0,random_direction,random,22,-2.412499895602368,,,40,1,all_recorded_ungated
steered_minus_clean_margin,qwen25_32b,Qwen2.5-32B,-1.0,random_direction,random,23,-1.4874999216876552,,,40,1,all_recorded_ungated
steered_minus_clean_margin,qwen25_32b,Qwen2.5-32B,-0.5,random_direction,random,23,-0.6499999231946078,,,40,1,all_recorded_ungated
steered_minus_clean_margin,qwen25_32b,Qwen2.5-32B,0.0,random_direction,random,23,0.0,,,1,1,all_recorded_ungated
steered_minus_clean_margin,qwen25_32b,Qwen2.5-32B,0.5,random_direction,random,23,0.5875000137849014,,,40,1,all_recorded_ungated
steered_minus_clean_margin,qwen25_32b,Qwen2.5-32B,1.0,random_direction,random,23,0.731250041276337,,,40,1,all_recorded_ungated
steered_minus_clean_margin,qwen25_32b,Qwen2.5-32B,-1.0,random_mean,random,mean,-0.7020832740565311,-1.2075520266186304,-0.20963535563499014,960,24,all_recorded_ungated
steered_minus_clean_margin,qwen25_32b,Qwen2.5-32B,-0.5,random_mean,random,mean,-0.12005202456601381,-0.34401035003783814,0.09348963633361301,960,24,all_recorded_ungated
steered_minus_clean_margin,qwen25_32b,Qwen2.5-32B,0.0,random_mean,random,mean,0.0,0.0,0.0,24,24,all_recorded_ungated
steered_minus_clean_margin,qwen25_32b,Qwen2.5-32B,0.5,random_mean,random,mean,-0.19401036039858233,-0.4236978593854461,0.034635469891112186,960,24,all_recorded_ungated
steered_minus_clean_margin,qwen25_32b,Qwen2.5-32B,1.0,random_mean,random,mean,-0.8322916012934019,-1.3315103507720512,-0.3307291101581666,960,24,all_recorded_ungated
steered_minus_clean_margin,qwen3_14b,Qwen3-14B,-1.0,valenced,valenced,valenced,-4.174218822308991,-4.619531300383183,-3.7186719340290115,160,1,all_recorded_ungated
steered_minus_clean_margin,qwen3_14b,Qwen3-14B,-0.5,valenced,valenced,valenced,-3.0124999959207286,-3.2726757470318093,-2.743750031237374,160,1,all_recorded_ungated
steered_minus_clean_margin,qwen3_14b,Qwen3-14B,0.0,valenced,valenced,valenced,0.0,0.0,0.0,160,1,all_recorded_ungated
steered_minus_clean_margin,qwen3_14b,Qwen3-14B,0.5,valenced,valenced,valenced,1.759375009821256,1.5343359675923045,1.9859765925758293,160,1,all_recorded_ungated
steered_minus_clean_margin,qwen3_14b,Qwen3-14B,1.0,valenced,valenced,valenced,2.7414063274651603,2.3967578814209545,3.0617774229447674,160,1,all_recorded_ungated
steered_minus_clean_margin,qwen3_14b,Qwen3-14B,-1.0,random_direction,random,0,0.7999999889892232,,,40,1,all_recorded_ungated
steered_minus_clean_margin,qwen3_14b,Qwen3-14B,-0.5,random_direction,random,0,0.23749996528158465,,,40,1,all_recorded_ungated
steered_minus_clean_margin,qwen3_14b,Qwen3-14B,0.0,random_direction,random,0,0.0,,,1,1,all_recorded_ungated
steered_minus_clean_margin,qwen3_14b,Qwen3-14B,0.5,random_direction,random,0,-0.01250000897766892,,,40,1,all_recorded_ungated
steered_minus_clean_margin,qwen3_14b,Qwen3-14B,1.0,random_direction,random,0,-0.22500000818929636,,,40,1,all_recorded_ungated
steered_minus_clean_margin,qwen3_14b,Qwen3-14B,-1.0,random_direction,random,1,-1.175000025081391,,,40,1,all_recorded_ungated
steered_minus_clean_margin,qwen3_14b,Qwen3-14B,-0.5,random_direction,random,1,-0.6312500086472227,,,40,1,all_recorded_ungated
steered_minus_clean_margin,qwen3_14b,Qwen3-14B,0.0,random_direction,random,1,0.0,,,1,1,all_recorded_ungated
steered_minus_clean_margin,qwen3_14b,Qwen3-14B,0.5,random_direction,random,1,0.33125001619639394,,,40,1,all_recorded_ungated
steered_minus_clean_margin,qwen3_14b,Qwen3-14B,1.0,random_direction,random,1,0.3875000115657928,,,40,1,all_recorded_ungated
steered_minus_clean_margin,qwen3_14b,Qwen3-14B,-1.0,random_direction,random,2,-0.46249997514265856,,,40,1,all_recorded_ungated
steered_minus_clean_margin,qwen3_14b,Qwen3-14B,-0.5,random_direction,random,2,-0.08750002154661249,,,40,1,all_recorded_ungated
steered_minus_clean_margin,qwen3_14b,Qwen3-14B,0.0,random_direction,random,2,0.0,,,1,1,all_recorded_ungated
steered_minus_clean_margin,qwen3_14b,Qwen3-14B,0.5,random_direction,random,2,-0.09375000420316208,,,40,1,all_recorded_ungated
steered_minus_clean_margin,qwen3_14b,Qwen3-14B,1.0,random_direction,random,2,0.16875001783221144,,,40,1,all_recorded_ungated
steered_minus_clean_margin,qwen3_14b,Qwen3-14B,-1.0,random_direction,random,3,-0.38749997907000433,,,40,1,all_recorded_ungated
steered_minus_clean_margin,qwen3_14b,Qwen3-14B,-0.5,random_direction,random,3,0.01250000457653062,,,40,1,all_recorded_ungated
steered_minus_clean_margin,qwen3_14b,Qwen3-14B,0.0,random_direction,random,3,0.0,,,1,1,all_recorded_ungated
steered_minus_clean_margin,qwen3_14b,Qwen3-14B,0.5,random_direction,random,3,-0.4562500354700205,,,40,1,all_recorded_ungated
steered_minus_clean_margin,qwen3_14b,Qwen3-14B,1.0,random_direction,random,3,-1.0187499968771783,,,40,1,all_recorded_ungated
steered_minus_clean_margin,qwen3_14b,Qwen3-14B,-1.0,random_direction,random,4,2.4374999769031325,,,40,1,all_recorded_ungated
steered_minus_clean_margin,qwen3_14b,Qwen3-14B,-0.5,random_direction,random,4,1.0687500365172382,,,40,1,all_recorded_ungated
steered_minus_clean_margin,qwen3_14b,Qwen3-14B,0.0,random_direction,random,4,0.0,,,1,1,all_recorded_ungated
steered_minus_clean_margin,qwen3_14b,Qwen3-14B,0.5,random_direction,random,4,-0.9687500016097612,,,40,1,all_recorded_ungated
steered_minus_clean_margin,qwen3_14b,Qwen3-14B,1.0,random_direction,random,4,-1.874999976494906,,,40,1,all_recorded_ungated
steered_minus_clean_margin,qwen3_14b,Qwen3-14B,-1.0,random_direction,random,5,-0.324999999770036,,,40,1,all_recorded_ungated
steered_minus_clean_margin,qwen3_14b,Qwen3-14B,-0.5,random_direction,random,5,-0.16249997107424932,,,40,1,all_recorded_ungated
steered_minus_clean_margin,qwen3_14b,Qwen3-14B,0.0,random_direction,random,5,0.0,,,1,1,all_recorded_ungated
steered_minus_clean_margin,qwen3_14b,Qwen3-14B,0.5,random_direction,random,5,0.06250003527013526,,,40,1,all_recorded_ungated
steered_minus_clean_margin,qwen3_14b,Qwen3-14B,1.0,random_direction,random,5,0.2562499769605203,,,40,1,all_recorded_ungated
steered_minus_clean_margin,qwen3_14b,Qwen3-14B,-1.0,random_direction,random,6,-1.4249999983584878,,,40,1,all_recorded_ungated
steered_minus_clean_margin,qwen3_14b,Qwen3-14B,-0.5,random_direction,random,6,-0.7812499624802184,,,40,1,all_recorded_ungated
steered_minus_clean_margin,qwen3_14b,Qwen3-14B,0.0,random_direction,random,6,0.0,,,1,1,all_recorded_ungated
steered_minus_clean_margin,qwen3_14b,Qwen3-14B,0.5,random_direction,random,6,0.7499999799187002,,,40,1,all_recorded_ungated
steered_minus_clean_margin,qwen3_14b,Qwen3-14B,1.0,random_direction,random,6,1.4124999823006241,,,40,1,all_recorded_ungated
steered_minus_clean_margin,qwen3_14b,Qwen3-14B,-1.0,random_direction,random,7,1.3437500178313928,,,40,1,all_recorded_ungated
steered_minus_clean_margin,qwen3_14b,Qwen3-14B,-0.5,random_direction,random,7,0.43124995660184523,,,40,1,all_recorded_ungated
steered_minus_clean_margin,qwen3_14b,Qwen3-14B,0.0,random_direction,random,7,0.0,,,1,1,all_recorded_ungated
steered_minus_clean_margin,qwen3_14b,Qwen3-14B,0.5,random_direction,random,7,-0.36249999332965344,,,40,1,all_recorded_ungated
steered_minus_clean_margin,qwen3_14b,Qwen3-14B,1.0,random_direction,random,7,-0.6562499840553995,,,40,1,all_recorded_ungated
steered_minus_clean_margin,qwen3_14b,Qwen3-14B,-1.0,random_direction,random,8,1.2062500099027134,,,40,1,all_recorded_ungated
steered_minus_clean_margin,qwen3_14b,Qwen3-14B,-0.5,random_direction,random,8,0.7125000239061805,,,40,1,all_recorded_ungated
steered_minus_clean_margin,qwen3_14b,Qwen3-14B,0.0,random_direction,random,8,0.0,,,1,1,all_recorded_ungated
steered_minus_clean_margin,qwen3_14b,Qwen3-14B,0.5,random_direction,random,8,-0.9875000101841337,,,40,1,all_recorded_ungated
steered_minus_clean_margin,qwen3_14b,Qwen3-14B,1.0,random_direction,random,8,-1.8874999844524698,,,40,1,all_recorded_ungated
steered_minus_clean_margin,qwen3_14b,Qwen3-14B,-1.0,random_direction,random,9,0.9999999979499833,,,40,1,all_recorded_ungated
steered_minus_clean_margin,qwen3_14b,Qwen3-14B,-0.5,random_direction,random,9,0.5249999779132395,,,40,1,all_recorded_ungated
steered_minus_clean_margin,qwen3_14b,Qwen3-14B,0.0,random_direction,random,9,0.0,,,1,1,all_recorded_ungated
steered_minus_clean_margin,qwen3_14b,Qwen3-14B,0.5,random_direction,random,9,-0.4874999850839924,,,40,1,all_recorded_ungated
steered_minus_clean_margin,qwen3_14b,Qwen3-14B,1.0,random_direction,random,9,-0.8812500154338535,,,40,1,all_recorded_ungated
steered_minus_clean_margin,qwen3_14b,Qwen3-14B,-1.0,random_direction,random,10,-0.6374999933332232,,,40,1,all_recorded_ungated
steered_minus_clean_margin,qwen3_14b,Qwen3-14B,-0.5,random_direction,random,10,-0.5312500043386319,,,40,1,all_recorded_ungated
steered_minus_clean_margin,qwen3_14b,Qwen3-14B,0.0,random_direction,random,10,0.0,,,1,1,all_recorded_ungated
steered_minus_clean_margin,qwen3_14b,Qwen3-14B,0.5,random_direction,random,10,0.7687499819025099,,,40,1,all_recorded_ungated
steered_minus_clean_margin,qwen3_14b,Qwen3-14B,1.0,random_direction,random,10,1.5906250269892706,,,40,1,all_recorded_ungated
steered_minus_clean_margin,qwen3_14b,Qwen3-14B,-1.0,random_direction,random,11,0.31249997487518205,,,40,1,all_recorded_ungated
steered_minus_clean_margin,qwen3_14b,Qwen3-14B,-0.5,random_direction,random,11,0.24375000924880955,,,40,1,all_recorded_ungated
steered_minus_clean_margin,qwen3_14b,Qwen3-14B,0.0,random_direction,random,11,0.0,,,1,1,all_recorded_ungated
steered_minus_clean_margin,qwen3_14b,Qwen3-14B,0.5,random_direction,random,11,-0.3625000608822118,,,40,1,all_recorded_ungated
steered_minus_clean_margin,qwen3_14b,Qwen3-14B,1.0,random_direction,random,11,-0.5562500118635171,,,40,1,all_recorded_ungated
steered_minus_clean_margin,qwen3_14b,Qwen3-14B,-1.0,random_direction,random,12,-1.7124999863809465,,,40,1,all_recorded_ungated
steered_minus_clean_margin,qwen3_14b,Qwen3-14B,-0.5,random_direction,random,12,-0.8937500041283893,,,40,1,all_recorded_ungated
steered_minus_clean_margin,qwen3_14b,Qwen3-14B,0.0,random_direction,random,12,0.0,,,1,1,all_recorded_ungated
steered_minus_clean_margin,qwen3_14b,Qwen3-14B,0.5,random_direction,random,12,0.38124995527639294,,,40,1,all_recorded_ungated
steered_minus_clean_margin,qwen3_14b,Qwen3-14B,1.0,random_direction,random,12,0.29375000584829963,,,40,1,all_recorded_ungated
steered_minus_clean_margin,qwen3_14b,Qwen3-14B,-1.0,random_direction,random,13,-0.8562500053729039,,,40,1,all_recorded_ungated
steered_minus_clean_margin,qwen3_14b,Qwen3-14B,-0.5,random_direction,random,13,-0.34999996247836407,,,40,1,all_recorded_ungated
steered_minus_clean_margin,qwen3_14b,Qwen3-14B,0.0,random_direction,random,13,0.0,,,1,1,all_recorded_ungated
steered_minus_clean_margin,qwen3_14b,Qwen3-14B,0.5,random_direction,random,13,0.2687499509705667,,,40,1,all_recorded_ungated
steered_minus_clean_margin,qwen3_14b,Qwen3-14B,1.0,random_direction,random,13,0.44374999721403174,,,40,1,all_recorded_ungated
steered_minus_clean_margin,qwen3_14b,Qwen3-14B,-1.0,random_direction,random,14,-1.1624999833472585,,,40,1,all_recorded_ungated
steered_minus_clean_margin,qwen3_14b,Qwen3-14B,-0.5,random_direction,random,14,-0.6124999961860793,,,40,1,all_recorded_ungated
steered_minus_clean_margin,qwen3_14b,Qwen3-14B,0.0,random_direction,random,14,0.0,,,1,1,all_recorded_ungated
steered_minus_clean_margin,qwen3_14b,Qwen3-14B,0.5,random_direction,random,14,0.5875000484215647,,,40,1,all_recorded_ungated
steered_minus_clean_margin,qwen3_14b,Qwen3-14B,1.0,random_direction,random,14,0.793750024736366,,,40,1,all_recorded_ungated
steered_minus_clean_margin,qwen3_14b,Qwen3-14B,-1.0,random_direction,random,15,-1.0625000689767856,,,40,1,all_recorded_ungated
steered_minus_clean_margin,qwen3_14b,Qwen3-14B,-0.5,random_direction,random,15,-0.4062499893188024,,,40,1,all_recorded_ungated
steered_minus_clean_margin,qwen3_14b,Qwen3-14B,0.0,random_direction,random,15,0.0,,,1,1,all_recorded_ungated
steered_minus_clean_margin,qwen3_14b,Qwen3-14B,0.5,random_direction,random,15,0.05624999174678926,,,40,1,all_recorded_ungated
steered_minus_clean_margin,qwen3_14b,Qwen3-14B,1.0,random_direction,random,15,0.143749988530611,,,40,1,all_recorded_ungated
steered_minus_clean_margin,qwen3_14b,Qwen3-14B,-1.0,random_direction,random,16,0.6937499938931287,,,40,1,all_recorded_ungated
steered_minus_clean_margin,qwen3_14b,Qwen3-14B,-0.5,random_direction,random,16,0.25000000957972973,,,40,1,all_recorded_ungated
steered_minus_clean_margin,qwen3_14b,Qwen3-14B,0.0,random_direction,random,16,0.0,,,1,1,all_recorded_ungated
steered_minus_clean_margin,qwen3_14b,Qwen3-14B,0.5,random_direction,random,16,-0.4687500269412805,,,40,1,all_recorded_ungated
steered_minus_clean_margin,qwen3_14b,Qwen3-14B,1.0,random_direction,random,16,-0.9500000307938207,,,40,1,all_recorded_ungated
steered_minus_clean_margin,qwen3_14b,Qwen3-14B,-1.0,random_direction,random,17,0.9562500143870449,,,40,1,all_recorded_ungated
steered_minus_clean_margin,qwen3_14b,Qwen3-14B,-0.5,random_direction,random,17,0.48125000122642947,,,40,1,all_recorded_ungated
steered_minus_clean_margin,qwen3_14b,Qwen3-14B,0.0,random_direction,random,17,0.0,,,1,1,all_recorded_ungated
steered_minus_clean_margin,qwen3_14b,Qwen3-14B,0.5,random_direction,random,17,-1.0437500301983884,,,40,1,all_recorded_ungated
steered_minus_clean_margin,qwen3_14b,Qwen3-14B,1.0,random_direction,random,17,-2.7437501856356974,,,40,1,all_recorded_ungated
steered_minus_clean_margin,qwen3_14b,Qwen3-14B,-1.0,random_direction,random,18,-0.8187500123776994,,,40,1,all_recorded_ungated
steered_minus_clean_margin,qwen3_14b,Qwen3-14B,-0.5,random_direction,random,18,-0.5562500005748804,,,40,1,all_recorded_ungated
steered_minus_clean_margin,qwen3_14b,Qwen3-14B,0.0,random_direction,random,18,0.0,,,1,1,all_recorded_ungated
steered_minus_clean_margin,qwen3_14b,Qwen3-14B,0.5,random_direction,random,18,0.6749999936340826,,,40,1,all_recorded_ungated
steered_minus_clean_margin,qwen3_14b,Qwen3-14B,1.0,random_direction,random,18,1.3437500103502986,,,40,1,all_recorded_ungated
steered_minus_clean_margin,qwen3_14b,Qwen3-14B,-1.0,random_direction,random,19,-1.4062500204114676,,,40,1,all_recorded_ungated
steered_minus_clean_margin,qwen3_14b,Qwen3-14B,-0.5,random_direction,random,19,-0.8437499874768258,,,40,1,all_recorded_ungated
steered_minus_clean_margin,qwen3_14b,Qwen3-14B,0.0,random_direction,random,19,0.0,,,1,1,all_recorded_ungated
steered_minus_clean_margin,qwen3_14b,Qwen3-14B,0.5,random_direction,random,19,0.7687500546364154,,,40,1,all_recorded_ungated
steered_minus_clean_margin,qwen3_14b,Qwen3-14B,1.0,random_direction,random,19,1.2249999911862903,,,40,1,all_recorded_ungated
steered_minus_clean_margin,qwen3_14b,Qwen3-14B,-1.0,random_direction,random,20,-1.4124999441479076,,,40,1,all_recorded_ungated
steered_minus_clean_margin,qwen3_14b,Qwen3-14B,-0.5,random_direction,random,20,-0.7312499696901339,,,40,1,all_recorded_ungated
steered_minus_clean_margin,qwen3_14b,Qwen3-14B,0.0,random_direction,random,20,0.0,,,1,1,all_recorded_ungated
steered_minus_clean_margin,qwen3_14b,Qwen3-14B,0.5,random_direction,random,20,0.5187500223191812,,,40,1,all_recorded_ungated
steered_minus_clean_margin,qwen3_14b,Qwen3-14B,1.0,random_direction,random,20,0.8374999946680637,,,40,1,all_recorded_ungated
steered_minus_clean_margin,qwen3_14b,Qwen3-14B,-1.0,random_direction,random,21,-3.2937500028613216,,,40,1,all_recorded_ungated
steered_minus_clean_margin,qwen3_14b,Qwen3-14B,-0.5,random_direction,random,21,-1.768750004080299,,,40,1,all_recorded_ungated
steered_minus_clean_margin,qwen3_14b,Qwen3-14B,0.0,random_direction,random,21,0.0,,,1,1,all_recorded_ungated
steered_minus_clean_margin,qwen3_14b,Qwen3-14B,0.5,random_direction,random,21,1.5375000215524195,,,40,1,all_recorded_ungated
steered_minus_clean_margin,qwen3_14b,Qwen3-14B,1.0,random_direction,random,21,2.7812500221710694,,,40,1,all_recorded_ungated
steered_minus_clean_margin,qwen3_14b,Qwen3-14B,-1.0,random_direction,random,22,0.10312501799127886,,,40,1,all_recorded_ungated
steered_minus_clean_margin,qwen3_14b,Qwen3-14B,-0.5,random_direction,random,22,0.12499999564777173,,,40,1,all_recorded_ungated
steered_minus_clean_margin,qwen3_14b,Qwen3-14B,0.0,random_direction,random,22,0.0,,,1,1,all_recorded_ungated
steered_minus_clean_margin,qwen3_14b,Qwen3-14B,0.5,random_direction,random,22,-0.16874997878224018,,,40,1,all_recorded_ungated
steered_minus_clean_margin,qwen3_14b,Qwen3-14B,1.0,random_direction,random,22,-0.5124999696452859,,,40,1,all_recorded_ungated
steered_minus_clean_margin,qwen3_14b,Qwen3-14B,-1.0,random_direction,random,23,1.631250020018318,,,40,1,all_recorded_ungated
steered_minus_clean_margin,qwen3_14b,Qwen3-14B,-0.5,random_direction,random,23,0.7062499678650609,,,40,1,all_recorded_ungated
steered_minus_clean_margin,qwen3_14b,Qwen3-14B,0.0,random_direction,random,23,0.0,,,1,1,all_recorded_ungated
steered_minus_clean_margin,qwen3_14b,Qwen3-14B,0.5,random_direction,random,23,-0.6312499818085324,,,40,1,all_recorded_ungated
steered_minus_clean_margin,qwen3_14b,Qwen3-14B,1.0,random_direction,random,23,-1.125000062537946,,,40,1,all_recorded_ungated
steered_minus_clean_margin,qwen3_14b,Qwen3-14B,-1.0,random_mean,random,mean,-0.2355468742454456,-0.7479166658308533,0.26874999680153894,960,24,all_recorded_ungated
steered_minus_clean_margin,qwen3_14b,Qwen3-14B,-0.5,random_mean,random,mean,-0.1484374972356787,-0.4104166640173934,0.10677083962164363,960,24,all_recorded_ungated
steered_minus_clean_margin,qwen3_14b,Qwen3-14B,0.0,random_mean,random,mean,0.0,0.0,0.0,24,24,all_recorded_ungated
steered_minus_clean_margin,qwen3_14b,Qwen3-14B,0.5,random_mean,random,mean,0.027604163932254414,-0.23255208956848716,0.28697916796279993,960,24,all_recorded_ungated
steered_minus_clean_margin,qwen3_14b,Qwen3-14B,1.0,random_mean,random,mean,-0.031380215651080026,-0.5255208527153765,0.4627604250271203,960,24,all_recorded_ungated
steered_minus_clean_margin,qwen3_32b,Qwen3-32B,-1.0,valenced,valenced,valenced,-0.05468115563244282,-0.12186868319266955,0.003938601330171104,160,1,all_recorded_ungated
steered_minus_clean_margin,qwen3_32b,Qwen3-32B,-0.5,valenced,valenced,valenced,0.009375211362276304,-0.026562945747827183,0.0437520146768426,160,1,all_recorded_ungated
steered_minus_clean_margin,qwen3_32b,Qwen3-32B,0.0,valenced,valenced,valenced,0.0,0.0,0.0,160,1,all_recorded_ungated
steered_minus_clean_margin,qwen3_32b,Qwen3-32B,0.5,valenced,valenced,valenced,-0.03906279211807941,-0.07968340222532874,0.0023417486694662414,160,1,all_recorded_ungated
steered_minus_clean_margin,qwen3_32b,Qwen3-32B,1.0,valenced,valenced,valenced,-0.09922048257456736,-0.17660689431057838,-0.023437329138107435,160,1,all_recorded_ungated
steered_minus_clean_margin,qwen3_32b,Qwen3-32B,-1.0,random_direction,random,0,-0.13435646860437486,,,40,1,all_recorded_ungated
steered_minus_clean_margin,qwen3_32b,Qwen3-32B,-0.5,random_direction,random,0,-0.043747640545245756,,,40,1,all_recorded_ungated
steered_minus_clean_margin,qwen3_32b,Qwen3-32B,0.0,random_direction,random,0,0.0,,,1,1,all_recorded_ungated
steered_minus_clean_margin,qwen3_32b,Qwen3-32B,0.5,random_direction,random,0,0.05001014633716068,,,40,1,all_recorded_ungated
steered_minus_clean_margin,qwen3_32b,Qwen3-32B,1.0,random_direction,random,0,0.09375325080478661,,,40,1,all_recorded_ungated
steered_minus_clean_margin,qwen3_32b,Qwen3-32B,-1.0,random_direction,random,1,-0.1343765974679741,,,40,1,all_recorded_ungated
steered_minus_clean_margin,qwen3_32b,Qwen3-32B,-0.5,random_direction,random,1,-0.015623333134749373,,,40,1,all_recorded_ungated
steered_minus_clean_margin,qwen3_32b,Qwen3-32B,0.0,random_direction,random,1,0.0,,,1,1,all_recorded_ungated
steered_minus_clean_margin,qwen3_32b,Qwen3-32B,0.5,random_direction,random,1,0.02187363227977812,,,40,1,all_recorded_ungated
steered_minus_clean_margin,qwen3_32b,Qwen3-32B,1.0,random_direction,random,1,0.056248949484006515,,,40,1,all_recorded_ungated
steered_minus_clean_margin,qwen3_32b,Qwen3-32B,-1.0,random_direction,random,2,-0.05937892067881308,,,40,1,all_recorded_ungated
steered_minus_clean_margin,qwen3_32b,Qwen3-32B,-0.5,random_direction,random,2,-0.028125210249038447,,,40,1,all_recorded_ungated
steered_minus_clean_margin,qwen3_32b,Qwen3-32B,0.0,random_direction,random,2,0.0,,,1,1,all_recorded_ungated
steered_minus_clean_margin,qwen3_32b,Qwen3-32B,0.5,random_direction,random,2,0.03749511272193331,,,40,1,all_recorded_ungated
steered_minus_clean_margin,qwen3_32b,Qwen3-32B,1.0,random_direction,random,2,0.006243536845101971,,,40,1,all_recorded_ungated
steered_minus_clean_margin,qwen3_32b,Qwen3-32B,-1.0,random_direction,random,3,0.3156343665902114,,,40,1,all_recorded_ungated
steered_minus_clean_margin,qwen3_32b,Qwen3-32B,-0.5,random_direction,random,3,0.1593824818887583,,,40,1,all_recorded_ungated
steered_minus_clean_margin,qwen3_32b,Qwen3-32B,0.0,random_direction,random,3,0.0,,,1,1,all_recorded_ungated
steered_minus_clean_margin,qwen3_32b,Qwen3-32B,0.5,random_direction,random,3,-0.10313441315413456,,,40,1,all_recorded_ungated
steered_minus_clean_margin,qwen3_32b,Qwen3-32B,1.0,random_direction,random,3,-0.25626688092279437,,,40,1,all_recorded_ungated
steered_minus_clean_margin,qwen3_32b,Qwen3-32B,-1.0,random_direction,random,4,0.06562307990050158,,,40,1,all_recorded_ungated
steered_minus_clean_margin,qwen3_32b,Qwen3-32B,-0.5,random_direction,random,4,0.05624716593109724,,,40,1,all_recorded_ungated
steered_minus_clean_margin,qwen3_32b,Qwen3-32B,0.0,random_direction,random,4,0.0,,,1,1,all_recorded_ungated
steered_minus_clean_margin,qwen3_32b,Qwen3-32B,0.5,random_direction,random,4,-0.0625039987649643,,,40,1,all_recorded_ungated
steered_minus_clean_margin,qwen3_32b,Qwen3-32B,1.0,random_direction,random,4,-0.16564445650909648,,,40,1,all_recorded_ungated
steered_minus_clean_margin,qwen3_32b,Qwen3-32B,-1.0,random_direction,random,5,0.06248851442236401,,,40,1,all_recorded_ungated
steered_minus_clean_margin,qwen3_32b,Qwen3-32B,-0.5,random_direction,random,5,0.024988415370432903,,,40,1,all_recorded_ungated
steered_minus_clean_margin,qwen3_32b,Qwen3-32B,0.0,random_direction,random,5,0.0,,,1,1,all_recorded_ungated
steered_minus_clean_margin,qwen3_32b,Qwen3-32B,0.5,random_direction,random,5,0.018767795094231588,,,40,1,all_recorded_ungated
steered_minus_clean_margin,qwen3_32b,Qwen3-32B,1.0,random_direction,random,5,0.012514869383454651,,,40,1,all_recorded_ungated
steered_minus_clean_margin,qwen3_32b,Qwen3-32B,-1.0,random_direction,random,6,0.2656331763288108,,,40,1,all_recorded_ungated
steered_minus_clean_margin,qwen3_32b,Qwen3-32B,-0.5,random_direction,random,6,0.11563149582415236,,,40,1,all_recorded_ungated
steered_minus_clean_margin,qwen3_32b,Qwen3-32B,0.0,random_direction,random,6,0.0,,,1,1,all_recorded_ungated
steered_minus_clean_margin,qwen3_32b,Qwen3-32B,0.5,random_direction,random,6,-0.07812772377470764,,,40,1,all_recorded_ungated
steered_minus_clean_margin,qwen3_32b,Qwen3-32B,1.0,random_direction,random,6,-0.16563474508944295,,,40,1,all_recorded_ungated
steered_minus_clean_margin,qwen3_32b,Qwen3-32B,-1.0,random_direction,random,7,-0.05313023702300938,,,40,1,all_recorded_ungated
steered_minus_clean_margin,qwen3_32b,Qwen3-32B,-0.5,random_direction,random,7,-0.0031345551443564545,,,40,1,all_recorded_ungated
steered_minus_clean_margin,qwen3_32b,Qwen3-32B,0.0,random_direction,random,7,0.0,,,1,1,all_recorded_ungated
steered_minus_clean_margin,qwen3_32b,Qwen3-32B,0.5,random_direction,random,7,0.00938023214232544,,,40,1,all_recorded_ungated
steered_minus_clean_margin,qwen3_32b,Qwen3-32B,1.0,random_direction,random,7,-0.0312412196027708,,,40,1,all_recorded_ungated
steered_minus_clean_margin,qwen3_32b,Qwen3-32B,-1.0,random_direction,random,8,-0.01249813353110767,,,40,1,all_recorded_ungated
steered_minus_clean_margin,qwen3_32b,Qwen3-32B,-0.5,random_direction,random,8,-0.01874837900860484,,,40,1,all_recorded_ungated
steered_minus_clean_margin,qwen3_32b,Qwen3-32B,0.0,random_direction,random,8,0.0,,,1,1,all_recorded_ungated
steered_minus_clean_margin,qwen3_32b,Qwen3-32B,0.5,random_direction,random,8,0.06875285923944148,,,40,1,all_recorded_ungated
steered_minus_clean_margin,qwen3_32b,Qwen3-32B,1.0,random_direction,random,8,0.12812698773772696,,,40,1,all_recorded_ungated
steered_minus_clean_margin,qwen3_32b,Qwen3-32B,-1.0,random_direction,random,9,0.1124768049267459,,,40,1,all_recorded_ungated
steered_minus_clean_margin,qwen3_32b,Qwen3-32B,-0.5,random_direction,random,9,0.05626206048199265,,,40,1,all_recorded_ungated
steered_minus_clean_margin,qwen3_32b,Qwen3-32B,0.0,random_direction,random,9,0.0,,,1,1,all_recorded_ungated
steered_minus_clean_margin,qwen3_32b,Qwen3-32B,0.5,random_direction,random,9,-0.015622566410524997,,,40,1,all_recorded_ungated
steered_minus_clean_margin,qwen3_32b,Qwen3-32B,1.0,random_direction,random,9,0.009374650180154731,,,40,1,all_recorded_ungated
steered_minus_clean_margin,qwen3_32b,Qwen3-32B,-1.0,random_direction,random,10,0.06873977712798478,,,40,1,all_recorded_ungated
steered_minus_clean_margin,qwen3_32b,Qwen3-32B,-0.5,random_direction,random,10,0.03437012251456508,,,40,1,all_recorded_ungated
steered_minus_clean_margin,qwen3_32b,Qwen3-32B,0.0,random_direction,random,10,0.0,,,1,1,all_recorded_ungated
steered_minus_clean_margin,qwen3_32b,Qwen3-32B,0.5,random_direction,random,10,-0.003124598177259941,,,40,1,all_recorded_ungated
steered_minus_clean_margin,qwen3_32b,Qwen3-32B,1.0,random_direction,random,10,-0.05626269872143439,,,40,1,all_recorded_ungated
steered_minus_clean_margin,qwen3_32b,Qwen3-32B,-1.0,random_direction,random,11,-0.16249156636717998,,,40,1,all_recorded_ungated
steered_minus_clean_margin,qwen3_32b,Qwen3-32B,-0.5,random_direction,random,11,-0.062494191423559185,,,40,1,all_recorded_ungated
steered_minus_clean_margin,qwen3_32b,Qwen3-32B,0.0,random_direction,random,11,0.0,,,1,1,all_recorded_ungated
steered_minus_clean_margin,qwen3_32b,Qwen3-32B,0.5,random_direction,random,11,0.0999851499251804,,,40,1,all_recorded_ungated
steered_minus_clean_margin,qwen3_32b,Qwen3-32B,1.0,random_direction,random,11,0.15311555868182722,,,40,1,all_recorded_ungated
steered_minus_clean_margin,qwen3_32b,Qwen3-32B,-1.0,random_direction,random,12,-0.0031250419741127187,,,40,1,all_recorded_ungated
steered_minus_clean_margin,qwen3_32b,Qwen3-32B,-0.5,random_direction,random,12,0.009377961145588642,,,40,1,all_recorded_ungated
steered_minus_clean_margin,qwen3_32b,Qwen3-32B,0.0,random_direction,random,12,0.0,,,1,1,all_recorded_ungated
steered_minus_clean_margin,qwen3_32b,Qwen3-32B,0.5,random_direction,random,12,0.02811976981196267,,,40,1,all_recorded_ungated
steered_minus_clean_margin,qwen3_32b,Qwen3-32B,1.0,random_direction,random,12,0.04061919510805865,,,40,1,all_recorded_ungated
steered_minus_clean_margin,qwen3_32b,Qwen3-32B,-1.0,random_direction,random,13,0.10314313625229943,,,40,1,all_recorded_ungated
steered_minus_clean_margin,qwen3_32b,Qwen3-32B,-0.5,random_direction,random,13,0.053132983321779646,,,40,1,all_recorded_ungated
steered_minus_clean_margin,qwen3_32b,Qwen3-32B,0.0,random_direction,random,13,0.0,,,1,1,all_recorded_ungated
steered_minus_clean_margin,qwen3_32b,Qwen3-32B,0.5,random_direction,random,13,-0.04375804793284033,,,40,1,all_recorded_ungated
steered_minus_clean_margin,qwen3_32b,Qwen3-32B,1.0,random_direction,random,13,-0.07501324969222196,,,40,1,all_recorded_ungated
steered_minus_clean_margin,qwen3_32b,Qwen3-32B,-1.0,random_direction,random,14,-0.24373834146166473,,,40,1,all_recorded_ungated
steered_minus_clean_margin,qwen3_32b,Qwen3-32B,-0.5,random_direction,random,14,-0.08749180103369554,,,40,1,all_recorded_ungated
steered_minus_clean_margin,qwen3_32b,Qwen3-32B,0.0,random_direction,random,14,0.0,,,1,1,all_recorded_ungated
steered_minus_clean_margin,qwen3_32b,Qwen3-32B,0.5,random_direction,random,14,0.11249857145656961,,,40,1,all_recorded_ungated
steered_minus_clean_margin,qwen3_32b,Qwen3-32B,1.0,random_direction,random,14,0.1312520406916974,,,40,1,all_recorded_ungated
steered_minus_clean_margin,qwen3_32b,Qwen3-32B,-1.0,random_direction,random,15,0.003064515667699652,,,40,1,all_recorded_ungated
steered_minus_clean_margin,qwen3_32b,Qwen3-32B,-0.5,random_direction,random,15,-2.356717545808351e-05,,,40,1,all_recorded_ungated
steered_minus_clean_margin,qwen3_32b,Qwen3-32B,0.0,random_direction,random,15,0.0,,,1,1,all_recorded_ungated
steered_minus_clean_margin,qwen3_32b,Qwen3-32B,0.5,random_direction,random,15,0.01251200426994501,,,40,1,all_recorded_ungated
steered_minus_clean_margin,qwen3_32b,Qwen3-32B,1.0,random_direction,random,15,-0.04061843630529438,,,40,1,all_recorded_ungated
steered_minus_clean_margin,qwen3_32b,Qwen3-32B,-1.0,random_direction,random,16,0.21563228482440308,,,40,1,all_recorded_ungated
steered_minus_clean_margin,qwen3_32b,Qwen3-32B,-0.5,random_direction,random,16,0.10937465975597434,,,40,1,all_recorded_ungated
steered_minus_clean_margin,qwen3_32b,Qwen3-32B,0.0,random_direction,random,16,0.0,,,1,1,all_recorded_ungated
steered_minus_clean_margin,qwen3_32b,Qwen3-32B,0.5,random_direction,random,16,-0.10311022636656161,,,40,1,all_recorded_ungated
steered_minus_clean_margin,qwen3_32b,Qwen3-32B,1.0,random_direction,random,16,-0.21876921688592574,,,40,1,all_recorded_ungated
steered_minus_clean_margin,qwen3_32b,Qwen3-32B,-1.0,random_direction,random,17,-0.14374658877670754,,,40,1,all_recorded_ungated
steered_minus_clean_margin,qwen3_32b,Qwen3-32B,-0.5,random_direction,random,17,-0.10311803360461909,,,40,1,all_recorded_ungated
steered_minus_clean_margin,qwen3_32b,Qwen3-32B,0.0,random_direction,random,17,0.0,,,1,1,all_recorded_ungated
steered_minus_clean_margin,qwen3_32b,Qwen3-32B,0.5,random_direction,random,17,0.13124740171048188,,,40,1,all_recorded_ungated
steered_minus_clean_margin,qwen3_32b,Qwen3-32B,1.0,random_direction,random,17,0.1968759114386728,,,40,1,all_recorded_ungated
steered_minus_clean_margin,qwen3_32b,Qwen3-32B,-1.0,random_direction,random,18,-0.06567365938873308,,,40,1,all_recorded_ungated
steered_minus_clean_margin,qwen3_32b,Qwen3-32B,-0.5,random_direction,random,18,-0.056280140239232425,,,40,1,all_recorded_ungated
steered_minus_clean_margin,qwen3_32b,Qwen3-32B,0.0,random_direction,random,18,0.0,,,1,1,all_recorded_ungated
steered_minus_clean_margin,qwen3_32b,Qwen3-32B,0.5,random_direction,random,18,0.12813637945275785,,,40,1,all_recorded_ungated
steered_minus_clean_margin,qwen3_32b,Qwen3-32B,1.0,random_direction,random,18,0.24687473124482723,,,40,1,all_recorded_ungated
steered_minus_clean_margin,qwen3_32b,Qwen3-32B,-1.0,random_direction,random,19,0.07500560829245728,,,40,1,all_recorded_ungated
steered_minus_clean_margin,qwen3_32b,Qwen3-32B,-0.5,random_direction,random,19,0.018752037503554676,,,40,1,all_recorded_ungated
steered_minus_clean_margin,qwen3_32b,Qwen3-32B,0.0,random_direction,random,19,0.0,,,1,1,all_recorded_ungated
steered_minus_clean_margin,qwen3_32b,Qwen3-32B,0.5,random_direction,random,19,-0.0187584522438101,,,40,1,all_recorded_ungated
steered_minus_clean_margin,qwen3_32b,Qwen3-32B,1.0,random_direction,random,19,-0.09377884463149258,,,40,1,all_recorded_ungated
steered_minus_clean_margin,qwen3_32b,Qwen3-32B,-1.0,random_direction,random,20,0.0874575634539326,,,40,1,all_recorded_ungated
steered_minus_clean_margin,qwen3_32b,Qwen3-32B,-0.5,random_direction,random,20,0.09998928489396804,,,40,1,all_recorded_ungated
steered_minus_clean_margin,qwen3_32b,Qwen3-32B,0.0,random_direction,random,20,0.0,,,1,1,all_recorded_ungated
steered_minus_clean_margin,qwen3_32b,Qwen3-32B,0.5,random_direction,random,20,-0.09687285373651093,,,40,1,all_recorded_ungated
steered_minus_clean_margin,qwen3_32b,Qwen3-32B,1.0,random_direction,random,20,-0.2281234492455951,,,40,1,all_recorded_ungated
steered_minus_clean_margin,qwen3_32b,Qwen3-32B,-1.0,random_direction,random,21,-0.09374917374780126,,,40,1,all_recorded_ungated
steered_minus_clean_margin,qwen3_32b,Qwen3-32B,-0.5,random_direction,random,21,-0.043749444264642535,,,40,1,all_recorded_ungated
steered_minus_clean_margin,qwen3_32b,Qwen3-32B,0.0,random_direction,random,21,0.0,,,1,1,all_recorded_ungated
steered_minus_clean_margin,qwen3_32b,Qwen3-32B,0.5,random_direction,random,21,0.03437414310992608,,,40,1,all_recorded_ungated
steered_minus_clean_margin,qwen3_32b,Qwen3-32B,1.0,random_direction,random,21,0.05937862949406849,,,40,1,all_recorded_ungated
steered_minus_clean_margin,qwen3_32b,Qwen3-32B,-1.0,random_direction,random,22,0.08124085133389372,,,40,1,all_recorded_ungated
steered_minus_clean_margin,qwen3_32b,Qwen3-32B,-0.5,random_direction,random,22,0.04687062420109669,,,40,1,all_recorded_ungated
steered_minus_clean_margin,qwen3_32b,Qwen3-32B,0.0,random_direction,random,22,0.0,,,1,1,all_recorded_ungated
steered_minus_clean_margin,qwen3_32b,Qwen3-32B,0.5,random_direction,random,22,-0.03124686817576503,,,40,1,all_recorded_ungated
steered_minus_clean_margin,qwen3_32b,Qwen3-32B,1.0,random_direction,random,22,-0.07186846728511682,,,40,1,all_recorded_ungated
steered_minus_clean_margin,qwen3_32b,Qwen3-32B,-1.0,random_direction,random,23,-0.15005870979367728,,,40,1,all_recorded_ungated
steered_minus_clean_margin,qwen3_32b,Qwen3-32B,-0.5,random_direction,random,23,-0.08126787348090829,,,40,1,all_recorded_ungated
steered_minus_clean_margin,qwen3_32b,Qwen3-32B,0.0,random_direction,random,23,0.0,,,1,1,all_recorded_ungated
steered_minus_clean_margin,qwen3_32b,Qwen3-32B,0.5,random_direction,random,23,0.03438261046423463,,,40,1,all_recorded_ungated
steered_minus_clean_margin,qwen3_32b,Qwen3-32B,1.0,random_direction,random,23,0.06875688570536909,,,40,1,all_recorded_ungated
steered_minus_clean_margin,qwen3_32b,Qwen3-32B,-1.0,random_mean,random,mean,0.008325676679422855,-0.04493023840957543,0.06431752624442501,960,24,all_recorded_ungated
steered_minus_clean_margin,qwen3_32b,Qwen3-32B,-0.5,random_mean,random,mean,0.010023963480368773,-0.016930956175937224,0.03750026032812315,960,24,all_recorded_ungated
steered_minus_clean_margin,qwen3_32b,Qwen3-32B,0.0,random_mean,random,mean,0.0,0.0,0.0,24,24,all_recorded_ungated
steered_minus_clean_margin,qwen3_32b,Qwen3-32B,0.5,random_mean,random,mean,0.009636502469952055,-0.016925304768096318,0.0376316887817867,960,24,all_recorded_ungated
steered_minus_clean_margin,qwen3_32b,Qwen3-32B,1.0,random_mean,random,mean,-0.008336936170476386,-0.06237639327378967,0.04296775244074075,960,24,all_recorded_ungated
steered_minus_clean_margin,mistral24b,Mistral-24B,-1.0,valenced,valenced,valenced,-0.4581715473745135,-0.49377272446050485,-0.42401948120284944,160,1,all_recorded_ungated
steered_minus_clean_margin,mistral24b,Mistral-24B,-0.5,valenced,valenced,valenced,-0.2087288323455141,-0.22749978280935465,-0.18988615265581757,160,1,all_recorded_ungated
steered_minus_clean_margin,mistral24b,Mistral-24B,0.0,valenced,valenced,valenced,0.0,0.0,0.0,160,1,all_recorded_ungated
steered_minus_clean_margin,mistral24b,Mistral-24B,0.5,valenced,valenced,valenced,0.08330757258809171,0.06663419521173637,0.09897495444434752,160,1,all_recorded_ungated
steered_minus_clean_margin,mistral24b,Mistral-24B,1.0,valenced,valenced,valenced,-0.006108159560244531,-0.026371527094051998,0.014633814317276091,160,1,all_recorded_ungated
steered_minus_clean_margin,mistral24b,Mistral-24B,-1.0,random_direction,random,0,0.024561648559756576,,,40,1,all_recorded_ungated
steered_minus_clean_margin,mistral24b,Mistral-24B,-0.5,random_direction,random,0,0.012362166470848025,,,40,1,all_recorded_ungated
steered_minus_clean_margin,mistral24b,Mistral-24B,0.0,random_direction,random,0,0.0,,,1,1,all_recorded_ungated
steered_minus_clean_margin,mistral24b,Mistral-24B,0.5,random_direction,random,0,-0.01903287726454437,,,40,1,all_recorded_ungated
steered_minus_clean_margin,mistral24b,Mistral-24B,1.0,random_direction,random,0,-0.06058500072103925,,,40,1,all_recorded_ungated
steered_minus_clean_margin,mistral24b,Mistral-24B,-1.0,random_direction,random,1,-0.08175140293897129,,,40,1,all_recorded_ungated
steered_minus_clean_margin,mistral24b,Mistral-24B,-0.5,random_direction,random,1,-0.0346139173489064,,,40,1,all_recorded_ungated
steered_minus_clean_margin,mistral24b,Mistral-24B,0.0,random_direction,random,1,0.0,,,1,1,all_recorded_ungated
steered_minus_clean_margin,mistral24b,Mistral-24B,0.5,random_direction,random,1,0.018517491541570053,,,40,1,all_recorded_ungated
steered_minus_clean_margin,mistral24b,Mistral-24B,1.0,random_direction,random,1,0.0020265455881599338,,,40,1,all_recorded_ungated
steered_minus_clean_margin,mistral24b,Mistral-24B,-1.0,random_direction,random,2,-0.013708106050034984,,,40,1,all_recorded_ungated
steered_minus_clean_margin,mistral24b,Mistral-24B,-0.5,random_direction,random,2,0.018595109070884065,,,40,1,all_recorded_ungated
steered_minus_clean_margin,mistral24b,Mistral-24B,0.0,random_direction,random,2,0.0,,,1,1,all_recorded_ungated
steered_minus_clean_margin,mistral24b,Mistral-24B,0.5,random_direction,random,2,-0.07541787129594013,,,40,1,all_recorded_ungated
steered_minus_clean_margin,mistral24b,Mistral-24B,1.0,random_direction,random,2,-0.16352513721212744,,,40,1,all_recorded_ungated
steered_minus_clean_margin,mistral24b,Mistral-24B,-1.0,random_direction,random,3,-0.06226721517159604,,,40,1,all_recorded_ungated
steered_minus_clean_margin,mistral24b,Mistral-24B,-0.5,random_direction,random,3,-0.006195773946819827,,,40,1,all_recorded_ungated
steered_minus_clean_margin,mistral24b,Mistral-24B,0.0,random_direction,random,3,0.0,,,1,1,all_recorded_ungated
steered_minus_clean_margin,mistral24b,Mistral-24B,0.5,random_direction,random,3,-0.03176753667066805,,,40,1,all_recorded_ungated
steered_minus_clean_margin,mistral24b,Mistral-24B,1.0,random_direction,random,3,-0.03842577929608524,,,40,1,all_recorded_ungated
steered_minus_clean_margin,mistral24b,Mistral-24B,-1.0,random_direction,random,4,-0.028223600011551754,,,40,1,all_recorded_ungated
steered_minus_clean_margin,mistral24b,Mistral-24B,-0.5,random_direction,random,4,0.00314372984576039,,,40,1,all_recorded_ungated
steered_minus_clean_margin,mistral24b,Mistral-24B,0.0,random_direction,random,4,0.0,,,1,1,all_recorded_ungated
steered_minus_clean_margin,mistral24b,Mistral-24B,0.5,random_direction,random,4,-0.028339895320823417,,,40,1,all_recorded_ungated
steered_minus_clean_margin,mistral24b,Mistral-24B,1.0,random_direction,random,4,-0.06619867336703464,,,40,1,all_recorded_ungated
steered_minus_clean_margin,mistral24b,Mistral-24B,-1.0,random_direction,random,5,-0.009766557993134483,,,40,1,all_recorded_ungated
steered_minus_clean_margin,mistral24b,Mistral-24B,-0.5,random_direction,random,5,0.031485764990793544,,,40,1,all_recorded_ungated
steered_minus_clean_margin,mistral24b,Mistral-24B,0.0,random_direction,random,5,0.0,,,1,1,all_recorded_ungated
steered_minus_clean_margin,mistral24b,Mistral-24B,0.5,random_direction,random,5,-0.04744282353203744,,,40,1,all_recorded_ungated
steered_minus_clean_margin,mistral24b,Mistral-24B,1.0,random_direction,random,5,-0.11693818406201899,,,40,1,all_recorded_ungated
steered_minus_clean_margin,mistral24b,Mistral-24B,-1.0,random_direction,random,6,-0.17083681882359086,,,40,1,all_recorded_ungated
steered_minus_clean_margin,mistral24b,Mistral-24B,-0.5,random_direction,random,6,-0.07291195013094694,,,40,1,all_recorded_ungated
steered_minus_clean_margin,mistral24b,Mistral-24B,0.0,random_direction,random,6,0.0,,,1,1,all_recorded_ungated
steered_minus_clean_margin,mistral24b,Mistral-24B,0.5,random_direction,random,6,0.009667204733705147,,,40,1,all_recorded_ungated
steered_minus_clean_margin,mistral24b,Mistral-24B,1.0,random_direction,random,6,-0.02183516314253211,,,40,1,all_recorded_ungated
steered_minus_clean_margin,mistral24b,Mistral-24B,-1.0,random_direction,random,7,-0.13105870823492297,,,40,1,all_recorded_ungated
steered_minus_clean_margin,mistral24b,Mistral-24B,-0.5,random_direction,random,7,-0.05416646210942418,,,40,1,all_recorded_ungated
steered_minus_clean_margin,mistral24b,Mistral-24B,0.0,random_direction,random,7,0.0,,,1,1,all_recorded_ungated
steered_minus_clean_margin,mistral24b,Mistral-24B,0.5,random_direction,random,7,0.009711263998178765,,,40,1,all_recorded_ungated
steered_minus_clean_margin,mistral24b,Mistral-24B,1.0,random_direction,random,7,-0.021578804345335812,,,40,1,all_recorded_ungated
steered_minus_clean_margin,mistral24b,Mistral-24B,-1.0,random_direction,random,8,0.009033446985995397,,,40,1,all_recorded_ungated
steered_minus_clean_margin,mistral24b,Mistral-24B,-0.5,random_direction,random,8,0.02808622135198675,,,40,1,all_recorded_ungated
steered_minus_clean_margin,mistral24b,Mistral-24B,0.0,random_direction,random,8,0.0,,,1,1,all_recorded_ungated
steered_minus_clean_margin,mistral24b,Mistral-24B,0.5,random_direction,random,8,-0.03780625597573817,,,40,1,all_recorded_ungated
steered_minus_clean_margin,mistral24b,Mistral-24B,1.0,random_direction,random,8,-0.08226245535770431,,,40,1,all_recorded_ungated
steered_minus_clean_margin,mistral24b,Mistral-24B,-1.0,random_direction,random,9,-0.025528081925585866,,,40,1,all_recorded_ungated
steered_minus_clean_margin,mistral24b,Mistral-24B,-0.5,random_direction,random,9,-0.01278123043011874,,,40,1,all_recorded_ungated
steered_minus_clean_margin,mistral24b,Mistral-24B,0.0,random_direction,random,9,0.0,,,1,1,all_recorded_ungated
steered_minus_clean_margin,mistral24b,Mistral-24B,0.5,random_direction,random,9,-0.044168001966318114,,,40,1,all_recorded_ungated
steered_minus_clean_margin,mistral24b,Mistral-24B,1.0,random_direction,random,9,-0.14199524446739814,,,40,1,all_recorded_ungated
steered_minus_clean_margin,mistral24b,Mistral-24B,-1.0,random_direction,random,10,-0.04010843348223716,,,40,1,all_recorded_ungated
steered_minus_clean_margin,mistral24b,Mistral-24B,-0.5,random_direction,random,10,-0.02159819703665562,,,40,1,all_recorded_ungated
steered_minus_clean_margin,mistral24b,Mistral-24B,0.0,random_direction,random,10,0.0,,,1,1,all_recorded_ungated
steered_minus_clean_margin,mistral24b,Mistral-24B,0.5,random_direction,random,10,-0.022539071284700184,,,40,1,all_recorded_ungated
steered_minus_clean_margin,mistral24b,Mistral-24B,1.0,random_direction,random,10,-0.10142757628345862,,,40,1,all_recorded_ungated
steered_minus_clean_margin,mistral24b,Mistral-24B,-1.0,random_direction,random,11,0.09098823958192952,,,40,1,all_recorded_ungated
steered_minus_clean_margin,mistral24b,Mistral-24B,-0.5,random_direction,random,11,0.06252679215394892,,,40,1,all_recorded_ungated
steered_minus_clean_margin,mistral24b,Mistral-24B,0.0,random_direction,random,11,0.0,,,1,1,all_recorded_ungated
steered_minus_clean_margin,mistral24b,Mistral-24B,0.5,random_direction,random,11,-0.11307545121526345,,,40,1,all_recorded_ungated
steered_minus_clean_margin,mistral24b,Mistral-24B,1.0,random_direction,random,11,-0.27042062067775985,,,40,1,all_recorded_ungated
steered_minus_clean_margin,mistral24b,Mistral-24B,-1.0,random_direction,random,12,-0.09436113037518226,,,40,1,all_recorded_ungated
steered_minus_clean_margin,mistral24b,Mistral-24B,-0.5,random_direction,random,12,-0.04067452454473823,,,40,1,all_recorded_ungated
steered_minus_clean_margin,mistral24b,Mistral-24B,0.0,random_direction,random,12,0.0,,,1,1,all_recorded_ungated
steered_minus_clean_margin,mistral24b,Mistral-24B,0.5,random_direction,random,12,0.011842617893125861,,,40,1,all_recorded_ungated
steered_minus_clean_margin,mistral24b,Mistral-24B,1.0,random_direction,random,12,-0.03578982582548633,,,40,1,all_recorded_ungated
steered_minus_clean_margin,mistral24b,Mistral-24B,-1.0,random_direction,random,13,0.0029898932785727083,,,40,1,all_recorded_ungated
steered_minus_clean_margin,mistral24b,Mistral-24B,-0.5,random_direction,random,13,0.024748841108521446,,,40,1,all_recorded_ungated
steered_minus_clean_margin,mistral24b,Mistral-24B,0.0,random_direction,random,13,0.0,,,1,1,all_recorded_ungated
steered_minus_clean_margin,mistral24b,Mistral-24B,0.5,random_direction,random,13,-0.04381165541708469,,,40,1,all_recorded_ungated
steered_minus_clean_margin,mistral24b,Mistral-24B,1.0,random_direction,random,13,-0.037814754660939795,,,40,1,all_recorded_ungated
steered_minus_clean_margin,mistral24b,Mistral-24B,-1.0,random_direction,random,14,-0.057330989692127333,,,40,1,all_recorded_ungated
steered_minus_clean_margin,mistral24b,Mistral-24B,-0.5,random_direction,random,14,-0.0032937243697233496,,,40,1,all_recorded_ungated
steered_minus_clean_margin,mistral24b,Mistral-24B,0.0,random_direction,random,14,0.0,,,1,1,all_recorded_ungated
steered_minus_clean_margin,mistral24b,Mistral-24B,0.5,random_direction,random,14,-0.03771551703684963,,,40,1,all_recorded_ungated
steered_minus_clean_margin,mistral24b,Mistral-24B,1.0,random_direction,random,14,-0.07265913386363536,,,40,1,all_recorded_ungated
steered_minus_clean_margin,mistral24b,Mistral-24B,-1.0,random_direction,random,15,-0.13518375530838966,,,40,1,all_recorded_ungated
steered_minus_clean_margin,mistral24b,Mistral-24B,-0.5,random_direction,random,15,-0.05978906966629438,,,40,1,all_recorded_ungated
steered_minus_clean_margin,mistral24b,Mistral-24B,0.0,random_direction,random,15,0.0,,,1,1,all_recorded_ungated
steered_minus_clean_margin,mistral24b,Mistral-24B,0.5,random_direction,random,15,0.01858860855572857,,,40,1,all_recorded_ungated
steered_minus_clean_margin,mistral24b,Mistral-24B,1.0,random_direction,random,15,-0.031805092078866434,,,40,1,all_recorded_ungated
steered_minus_clean_margin,mistral24b,Mistral-24B,-1.0,random_direction,random,16,-0.14754307136754505,,,40,1,all_recorded_ungated
steered_minus_clean_margin,mistral24b,Mistral-24B,-0.5,random_direction,random,16,-0.06895534598152153,,,40,1,all_recorded_ungated
steered_minus_clean_margin,mistral24b,Mistral-24B,0.0,random_direction,random,16,0.0,,,1,1,all_recorded_ungated
steered_minus_clean_margin,mistral24b,Mistral-24B,0.5,random_direction,random,16,0.025011447601718827,,,40,1,all_recorded_ungated
steered_minus_clean_margin,mistral24b,Mistral-24B,1.0,random_direction,random,16,0.052896365080960094,,,40,1,all_recorded_ungated
steered_minus_clean_margin,mistral24b,Mistral-24B,-1.0,random_direction,random,17,-0.044700866093626244,,,40,1,all_recorded_ungated
steered_minus_clean_margin,mistral24b,Mistral-24B,-0.5,random_direction,random,17,-0.012869513395708054,,,40,1,all_recorded_ungated
steered_minus_clean_margin,mistral24b,Mistral-24B,0.0,random_direction,random,17,0.0,,,1,1,all_recorded_ungated
steered_minus_clean_margin,mistral24b,Mistral-24B,0.5,random_direction,random,17,-0.012621456308988855,,,40,1,all_recorded_ungated
steered_minus_clean_margin,mistral24b,Mistral-24B,1.0,random_direction,random,17,-0.06604981755372137,,,40,1,all_recorded_ungated
steered_minus_clean_margin,mistral24b,Mistral-24B,-1.0,random_direction,random,18,0.024173042085021735,,,40,1,all_recorded_ungated
steered_minus_clean_margin,mistral24b,Mistral-24B,-0.5,random_direction,random,18,0.021786016260739414,,,40,1,all_recorded_ungated
steered_minus_clean_margin,mistral24b,Mistral-24B,0.0,random_direction,random,18,0.0,,,1,1,all_recorded_ungated
steered_minus_clean_margin,mistral24b,Mistral-24B,0.5,random_direction,random,18,-0.06296447005006485,,,40,1,all_recorded_ungated
steered_minus_clean_margin,mistral24b,Mistral-24B,1.0,random_direction,random,18,-0.14793350344407372,,,40,1,all_recorded_ungated
steered_minus_clean_margin,mistral24b,Mistral-24B,-1.0,random_direction,random,19,-0.012102152494480833,,,40,1,all_recorded_ungated
steered_minus_clean_margin,mistral24b,Mistral-24B,-0.5,random_direction,random,19,0.022159101424040272,,,40,1,all_recorded_ungated
steered_minus_clean_margin,mistral24b,Mistral-24B,0.0,random_direction,random,19,0.0,,,1,1,all_recorded_ungated
steered_minus_clean_margin,mistral24b,Mistral-24B,0.5,random_direction,random,19,-0.08509374601999298,,,40,1,all_recorded_ungated
steered_minus_clean_margin,mistral24b,Mistral-24B,1.0,random_direction,random,19,-0.17379950659815221,,,40,1,all_recorded_ungated
steered_minus_clean_margin,mistral24b,Mistral-24B,-1.0,random_direction,random,20,-0.21159454794833438,,,40,1,all_recorded_ungated
steered_minus_clean_margin,mistral24b,Mistral-24B,-0.5,random_direction,random,20,-0.11049668217892758,,,40,1,all_recorded_ungated
steered_minus_clean_margin,mistral24b,Mistral-24B,0.0,random_direction,random,20,0.0,,,1,1,all_recorded_ungated
steered_minus_clean_margin,mistral24b,Mistral-24B,0.5,random_direction,random,20,0.05037424912443385,,,40,1,all_recorded_ungated
steered_minus_clean_margin,mistral24b,Mistral-24B,1.0,random_direction,random,20,0.0284353491733782,,,40,1,all_recorded_ungated
steered_minus_clean_margin,mistral24b,Mistral-24B,-1.0,random_direction,random,21,-0.07256602183915675,,,40,1,all_recorded_ungated
steered_minus_clean_margin,mistral24b,Mistral-24B,-0.5,random_direction,random,21,-0.05026046757702716,,,40,1,all_recorded_ungated
steered_minus_clean_margin,mistral24b,Mistral-24B,0.0,random_direction,random,21,0.0,,,1,1,all_recorded_ungated
steered_minus_clean_margin,mistral24b,Mistral-24B,0.5,random_direction,random,21,0.04060874331044033,,,40,1,all_recorded_ungated
steered_minus_clean_margin,mistral24b,Mistral-24B,1.0,random_direction,random,21,0.062335721147246656,,,40,1,all_recorded_ungated
steered_minus_clean_margin,mistral24b,Mistral-24B,-1.0,random_direction,random,22,-0.14439502676832489,,,40,1,all_recorded_ungated
steered_minus_clean_margin,mistral24b,Mistral-24B,-0.5,random_direction,random,22,-0.018689897743752227,,,40,1,all_recorded_ungated
steered_minus_clean_margin,mistral24b,Mistral-24B,0.0,random_direction,random,22,0.0,,,1,1,all_recorded_ungated
steered_minus_clean_margin,mistral24b,Mistral-24B,0.5,random_direction,random,22,-0.0003572765795979649,,,40,1,all_recorded_ungated
steered_minus_clean_margin,mistral24b,Mistral-24B,1.0,random_direction,random,22,-0.016499245027080178,,,40,1,all_recorded_ungated
steered_minus_clean_margin,mistral24b,Mistral-24B,-1.0,random_direction,random,23,-0.06632386335986666,,,40,1,all_recorded_ungated
steered_minus_clean_margin,mistral24b,Mistral-24B,-0.5,random_direction,random,23,-0.003279219171963632,,,40,1,all_recorded_ungated
steered_minus_clean_margin,mistral24b,Mistral-24B,0.0,random_direction,random,23,0.0,,,1,1,all_recorded_ungated
steered_minus_clean_margin,mistral24b,Mistral-24B,0.5,random_direction,random,23,-0.053393497841898355,,,40,1,all_recorded_ungated
steered_minus_clean_margin,mistral24b,Mistral-24B,1.0,random_direction,random,23,-0.12275035383063368,,,40,1,all_recorded_ungated
steered_minus_clean_margin,mistral24b,Mistral-24B,-1.0,random_mean,random,mean,-0.05823350330780765,-0.08614162471955449,-0.03081260912416231,960,24,all_recorded_ungated
steered_minus_clean_margin,mistral24b,Mistral-24B,-0.5,random_mean,random,mean,-0.014403426373125208,-0.030146922399823476,0.0016788355846074408,960,24,all_recorded_ungated
steered_minus_clean_margin,mistral24b,Mistral-24B,0.0,random_mean,random,mean,0.0,0.0,0.0,24,24,all_recorded_ungated
steered_minus_clean_margin,mistral24b,Mistral-24B,0.5,random_mean,random,mean,-0.022134407375900386,-0.03777288646160741,-0.0062727935811077865,960,24,all_recorded_ungated
steered_minus_clean_margin,mistral24b,Mistral-24B,1.0,random_mean,random,mean,-0.06852499545105577,-0.0998710143925564,-0.03894135913360514,960,24,all_recorded_ungated
steered_minus_clean_margin,gemma3_27b,Gemma-3-27B,-1.0,valenced,valenced,valenced,-2.975919558106482,-3.467977338901468,-2.458034337822088,160,1,all_recorded_ungated
steered_minus_clean_margin,gemma3_27b,Gemma-3-27B,-0.5,valenced,valenced,valenced,-1.2187590537022792,-1.4695685823312514,-0.9780864202994782,160,1,all_recorded_ungated
steered_minus_clean_margin,gemma3_27b,Gemma-3-27B,0.0,valenced,valenced,valenced,0.0,0.0,0.0,160,1,all_recorded_ungated
steered_minus_clean_margin,gemma3_27b,Gemma-3-27B,0.5,valenced,valenced,valenced,-0.005477935318760885,-0.19141542249797897,0.19608481666707078,160,1,all_recorded_ungated
steered_minus_clean_margin,gemma3_27b,Gemma-3-27B,1.0,valenced,valenced,valenced,-1.759386194833332,-2.2258211387440547,-1.2836122248642887,160,1,all_recorded_ungated
steered_minus_clean_margin,gemma3_27b,Gemma-3-27B,-1.0,random_direction,random,0,-5.581250038501046,,,40,1,all_recorded_ungated
steered_minus_clean_margin,gemma3_27b,Gemma-3-27B,-0.5,random_direction,random,0,-1.8375000637607009,,,40,1,all_recorded_ungated
steered_minus_clean_margin,gemma3_27b,Gemma-3-27B,0.0,random_direction,random,0,0.0,,,1,1,all_recorded_ungated
steered_minus_clean_margin,gemma3_27b,Gemma-3-27B,0.5,random_direction,random,0,-0.3250000341085659,,,40,1,all_recorded_ungated
steered_minus_clean_margin,gemma3_27b,Gemma-3-27B,1.0,random_direction,random,0,-3.1062495767072575,,,40,1,all_recorded_ungated
steered_minus_clean_margin,gemma3_27b,Gemma-3-27B,-1.0,random_direction,random,1,-2.9343750759153555,,,40,1,all_recorded_ungated
steered_minus_clean_margin,gemma3_27b,Gemma-3-27B,-0.5,random_direction,random,1,-0.1593750829408515,,,40,1,all_recorded_ungated
steered_minus_clean_margin,gemma3_27b,Gemma-3-27B,0.0,random_direction,random,1,0.0,,,1,1,all_recorded_ungated
steered_minus_clean_margin,gemma3_27b,Gemma-3-27B,0.5,random_direction,random,1,-1.3031250108066612,,,40,1,all_recorded_ungated
steered_minus_clean_margin,gemma3_27b,Gemma-3-27B,1.0,random_direction,random,1,-3.881250342732808,,,40,1,all_recorded_ungated
steered_minus_clean_margin,gemma3_27b,Gemma-3-27B,-1.0,random_direction,random,2,-4.684374987302507,,,40,1,all_recorded_ungated
steered_minus_clean_margin,gemma3_27b,Gemma-3-27B,-0.5,random_direction,random,2,-1.9031250818058438,,,40,1,all_recorded_ungated
steered_minus_clean_margin,gemma3_27b,Gemma-3-27B,0.0,random_direction,random,2,0.0,,,1,1,all_recorded_ungated
steered_minus_clean_margin,gemma3_27b,Gemma-3-27B,0.5,random_direction,random,2,-1.525000038736342,,,40,1,all_recorded_ungated
steered_minus_clean_margin,gemma3_27b,Gemma-3-27B,1.0,random_direction,random,2,-5.096875127884445,,,40,1,all_recorded_ungated
steered_minus_clean_margin,gemma3_27b,Gemma-3-27B,-1.0,random_direction,random,3,-3.2687525100390404,,,40,1,all_recorded_ungated
steered_minus_clean_margin,gemma3_27b,Gemma-3-27B,-0.5,random_direction,random,3,0.23437496637062355,,,40,1,all_recorded_ungated
steered_minus_clean_margin,gemma3_27b,Gemma-3-27B,0.0,random_direction,random,3,0.0,,,1,1,all_recorded_ungated
steered_minus_clean_margin,gemma3_27b,Gemma-3-27B,0.5,random_direction,random,3,-2.2625000950057563,,,40,1,all_recorded_ungated
steered_minus_clean_margin,gemma3_27b,Gemma-3-27B,1.0,random_direction,random,3,-4.431250094458061,,,40,1,all_recorded_ungated
steered_minus_clean_margin,gemma3_27b,Gemma-3-27B,-1.0,random_direction,random,4,-5.06562513303721,,,40,1,all_recorded_ungated
steered_minus_clean_margin,gemma3_27b,Gemma-3-27B,-0.5,random_direction,random,4,-2.3562500121822993,,,40,1,all_recorded_ungated
steered_minus_clean_margin,gemma3_27b,Gemma-3-27B,0.0,random_direction,random,4,0.0,,,1,1,all_recorded_ungated
steered_minus_clean_margin,gemma3_27b,Gemma-3-27B,0.5,random_direction,random,4,0.8843749008701742,,,40,1,all_recorded_ungated
steered_minus_clean_margin,gemma3_27b,Gemma-3-27B,1.0,random_direction,random,4,-1.384374713268199,,,40,1,all_recorded_ungated
steered_minus_clean_margin,gemma3_27b,Gemma-3-27B,-1.0,random_direction,random,5,-4.340626522765352,,,40,1,all_recorded_ungated
steered_minus_clean_margin,gemma3_27b,Gemma-3-27B,-0.5,random_direction,random,5,-1.4281250957875535,,,40,1,all_recorded_ungated
steered_minus_clean_margin,gemma3_27b,Gemma-3-27B,0.0,random_direction,random,5,0.0,,,1,1,all_recorded_ungated
steered_minus_clean_margin,gemma3_27b,Gemma-3-27B,0.5,random_direction,random,5,-0.7718751089931215,,,40,1,all_recorded_ungated
steered_minus_clean_margin,gemma3_27b,Gemma-3-27B,1.0,random_direction,random,5,-4.3500003320428995,,,40,1,all_recorded_ungated
steered_minus_clean_margin,gemma3_27b,Gemma-3-27B,-1.0,random_direction,random,6,-5.028125184246117,,,40,1,all_recorded_ungated
steered_minus_clean_margin,gemma3_27b,Gemma-3-27B,-0.5,random_direction,random,6,-2.168750044121488,,,40,1,all_recorded_ungated
steered_minus_clean_margin,gemma3_27b,Gemma-3-27B,0.0,random_direction,random,6,0.0,,,1,1,all_recorded_ungated
steered_minus_clean_margin,gemma3_27b,Gemma-3-27B,0.5,random_direction,random,6,0.30312492454731893,,,40,1,all_recorded_ungated
steered_minus_clean_margin,gemma3_27b,Gemma-3-27B,1.0,random_direction,random,6,-1.6593750703004744,,,40,1,all_recorded_ungated
steered_minus_clean_margin,gemma3_27b,Gemma-3-27B,-1.0,random_direction,random,7,-3.9156261104804515,,,40,1,all_recorded_ungated
steered_minus_clean_margin,gemma3_27b,Gemma-3-27B,-0.5,random_direction,random,7,-1.1968750898397216,,,40,1,all_recorded_ungated
steered_minus_clean_margin,gemma3_27b,Gemma-3-27B,0.0,random_direction,random,7,0.0,,,1,1,all_recorded_ungated
steered_minus_clean_margin,gemma3_27b,Gemma-3-27B,0.5,random_direction,random,7,-1.7531250644734775,,,40,1,all_recorded_ungated
steered_minus_clean_margin,gemma3_27b,Gemma-3-27B,1.0,random_direction,random,7,-3.7999999730336866,,,40,1,all_recorded_ungated
steered_minus_clean_margin,gemma3_27b,Gemma-3-27B,-1.0,random_direction,random,8,-3.9499999557708123,,,40,1,all_recorded_ungated
steered_minus_clean_margin,gemma3_27b,Gemma-3-27B,-0.5,random_direction,random,8,-1.0218750480934329,,,40,1,all_recorded_ungated
steered_minus_clean_margin,gemma3_27b,Gemma-3-27B,0.0,random_direction,random,8,0.0,,,1,1,all_recorded_ungated
steered_minus_clean_margin,gemma3_27b,Gemma-3-27B,0.5,random_direction,random,8,-1.3062500989117798,,,40,1,all_recorded_ungated
steered_minus_clean_margin,gemma3_27b,Gemma-3-27B,1.0,random_direction,random,8,-5.356250157341266,,,40,1,all_recorded_ungated
steered_minus_clean_margin,gemma3_27b,Gemma-3-27B,-1.0,random_direction,random,9,-3.1468752722874114,,,40,1,all_recorded_ungated
steered_minus_clean_margin,gemma3_27b,Gemma-3-27B,-0.5,random_direction,random,9,-0.30000008475333184,,,40,1,all_recorded_ungated
steered_minus_clean_margin,gemma3_27b,Gemma-3-27B,0.0,random_direction,random,9,0.0,,,1,1,all_recorded_ungated
steered_minus_clean_margin,gemma3_27b,Gemma-3-27B,0.5,random_direction,random,9,-2.065625055941102,,,40,1,all_recorded_ungated
steered_minus_clean_margin,gemma3_27b,Gemma-3-27B,1.0,random_direction,random,9,-4.218750631222486,,,40,1,all_recorded_ungated
steered_minus_clean_margin,gemma3_27b,Gemma-3-27B,-1.0,random_direction,random,10,-1.6343750368116416,,,40,1,all_recorded_ungated
steered_minus_clean_margin,gemma3_27b,Gemma-3-27B,-0.5,random_direction,random,10,0.012499968323362332,,,40,1,all_recorded_ungated
steered_minus_clean_margin,gemma3_27b,Gemma-3-27B,0.0,random_direction,random,10,0.0,,,1,1,all_recorded_ungated
steered_minus_clean_margin,gemma3_27b,Gemma-3-27B,0.5,random_direction,random,10,-1.6031250994756376,,,40,1,all_recorded_ungated
steered_minus_clean_margin,gemma3_27b,Gemma-3-27B,1.0,random_direction,random,10,-4.596875753438158,,,40,1,all_recorded_ungated
steered_minus_clean_margin,gemma3_27b,Gemma-3-27B,-1.0,random_direction,random,11,-4.803125205556569,,,40,1,all_recorded_ungated
steered_minus_clean_margin,gemma3_27b,Gemma-3-27B,-0.5,random_direction,random,11,-1.8843751009553842,,,40,1,all_recorded_ungated
steered_minus_clean_margin,gemma3_27b,Gemma-3-27B,0.0,random_direction,random,11,0.0,,,1,1,all_recorded_ungated
steered_minus_clean_margin,gemma3_27b,Gemma-3-27B,0.5,random_direction,random,11,-0.3812500474349923,,,40,1,all_recorded_ungated
steered_minus_clean_margin,gemma3_27b,Gemma-3-27B,1.0,random_direction,random,11,-3.456250320249965,,,40,1,all_recorded_ungated
steered_minus_clean_margin,gemma3_27b,Gemma-3-27B,-1.0,random_direction,random,12,-4.71250035204457,,,40,1,all_recorded_ungated
steered_minus_clean_margin,gemma3_27b,Gemma-3-27B,-0.5,random_direction,random,12,-2.4000000401960326,,,40,1,all_recorded_ungated
steered_minus_clean_margin,gemma3_27b,Gemma-3-27B,0.0,random_direction,random,12,0.0,,,1,1,all_recorded_ungated
steered_minus_clean_margin,gemma3_27b,Gemma-3-27B,0.5,random_direction,random,12,-0.09062505853185439,,,40,1,all_recorded_ungated
steered_minus_clean_margin,gemma3_27b,Gemma-3-27B,1.0,random_direction,random,12,-3.2781250702423117,,,40,1,all_recorded_ungated
steered_minus_clean_margin,gemma3_27b,Gemma-3-27B,-1.0,random_direction,random,13,-2.9968744753058116,,,40,1,all_recorded_ungated
steered_minus_clean_margin,gemma3_27b,Gemma-3-27B,-0.5,random_direction,random,13,-0.27500005092814295,,,40,1,all_recorded_ungated
steered_minus_clean_margin,gemma3_27b,Gemma-3-27B,0.0,random_direction,random,13,0.0,,,1,1,all_recorded_ungated
steered_minus_clean_margin,gemma3_27b,Gemma-3-27B,0.5,random_direction,random,13,-1.5781250171034686,,,40,1,all_recorded_ungated
steered_minus_clean_margin,gemma3_27b,Gemma-3-27B,1.0,random_direction,random,13,-3.990625239788636,,,40,1,all_recorded_ungated
steered_minus_clean_margin,gemma3_27b,Gemma-3-27B,-1.0,random_direction,random,14,-3.228124974691923,,,40,1,all_recorded_ungated
steered_minus_clean_margin,gemma3_27b,Gemma-3-27B,-0.5,random_direction,random,14,-0.7156250618988217,,,40,1,all_recorded_ungated
steered_minus_clean_margin,gemma3_27b,Gemma-3-27B,0.0,random_direction,random,14,0.0,,,1,1,all_recorded_ungated
steered_minus_clean_margin,gemma3_27b,Gemma-3-27B,0.5,random_direction,random,14,-1.3156250413260944,,,40,1,all_recorded_ungated
steered_minus_clean_margin,gemma3_27b,Gemma-3-27B,1.0,random_direction,random,14,-4.275000085344064,,,40,1,all_recorded_ungated
steered_minus_clean_margin,gemma3_27b,Gemma-3-27B,-1.0,random_direction,random,15,-3.3625000573967925,,,40,1,all_recorded_ungated
steered_minus_clean_margin,gemma3_27b,Gemma-3-27B,-0.5,random_direction,random,15,-0.9687500072603038,,,40,1,all_recorded_ungated
steered_minus_clean_margin,gemma3_27b,Gemma-3-27B,0.0,random_direction,random,15,0.0,,,1,1,all_recorded_ungated
steered_minus_clean_margin,gemma3_27b,Gemma-3-27B,0.5,random_direction,random,15,-1.0250001382151244,,,40,1,all_recorded_ungated
steered_minus_clean_margin,gemma3_27b,Gemma-3-27B,1.0,random_direction,random,15,-3.2625842862286847,,,40,1,all_recorded_ungated
steered_minus_clean_margin,gemma3_27b,Gemma-3-27B,-1.0,random_direction,random,16,-4.115624812946091,,,40,1,all_recorded_ungated
steered_minus_clean_margin,gemma3_27b,Gemma-3-27B,-0.5,random_direction,random,16,-2.3312501203374345,,,40,1,all_recorded_ungated
steered_minus_clean_margin,gemma3_27b,Gemma-3-27B,0.0,random_direction,random,16,0.0,,,1,1,all_recorded_ungated
steered_minus_clean_margin,gemma3_27b,Gemma-3-27B,0.5,random_direction,random,16,-0.2062500331725497,,,40,1,all_recorded_ungated
steered_minus_clean_margin,gemma3_27b,Gemma-3-27B,1.0,random_direction,random,16,-3.709385853584176,,,40,1,all_recorded_ungated
steered_minus_clean_margin,gemma3_27b,Gemma-3-27B,-1.0,random_direction,random,17,-3.7343877828708685,,,40,1,all_recorded_ungated
steered_minus_clean_margin,gemma3_27b,Gemma-3-27B,-0.5,random_direction,random,17,-1.075000101765173,,,40,1,all_recorded_ungated
steered_minus_clean_margin,gemma3_27b,Gemma-3-27B,0.0,random_direction,random,17,0.0,,,1,1,all_recorded_ungated
steered_minus_clean_margin,gemma3_27b,Gemma-3-27B,0.5,random_direction,random,17,-1.5875000186152932,,,40,1,all_recorded_ungated
steered_minus_clean_margin,gemma3_27b,Gemma-3-27B,1.0,random_direction,random,17,-5.153125102764046,,,40,1,all_recorded_ungated
steered_minus_clean_margin,gemma3_27b,Gemma-3-27B,-1.0,random_direction,random,18,-4.4843750737598445,,,40,1,all_recorded_ungated
steered_minus_clean_margin,gemma3_27b,Gemma-3-27B,-0.5,random_direction,random,18,-1.7656250029959906,,,40,1,all_recorded_ungated
steered_minus_clean_margin,gemma3_27b,Gemma-3-27B,0.0,random_direction,random,18,0.0,,,1,1,all_recorded_ungated
steered_minus_clean_margin,gemma3_27b,Gemma-3-27B,0.5,random_direction,random,18,-0.8562501030310191,,,40,1,all_recorded_ungated
steered_minus_clean_margin,gemma3_27b,Gemma-3-27B,1.0,random_direction,random,18,-3.2281252282694126,,,40,1,all_recorded_ungated
steered_minus_clean_margin,gemma3_27b,Gemma-3-27B,-1.0,random_direction,random,19,-4.521875156453946,,,40,1,all_recorded_ungated
steered_minus_clean_margin,gemma3_27b,Gemma-3-27B,-0.5,random_direction,random,19,-2.271875255467823,,,40,1,all_recorded_ungated
steered_minus_clean_margin,gemma3_27b,Gemma-3-27B,0.0,random_direction,random,19,0.0,,,1,1,all_recorded_ungated
steered_minus_clean_margin,gemma3_27b,Gemma-3-27B,0.5,random_direction,random,19,-0.43437499342507946,,,40,1,all_recorded_ungated
steered_minus_clean_margin,gemma3_27b,Gemma-3-27B,1.0,random_direction,random,19,-4.5812503842471,,,40,1,all_recorded_ungated
steered_minus_clean_margin,gemma3_27b,Gemma-3-27B,-1.0,random_direction,random,20,-3.9937501058846165,,,40,1,all_recorded_ungated
steered_minus_clean_margin,gemma3_27b,Gemma-3-27B,-0.5,random_direction,random,20,-1.618750047964052,,,40,1,all_recorded_ungated
steered_minus_clean_margin,gemma3_27b,Gemma-3-27B,0.0,random_direction,random,20,0.0,,,1,1,all_recorded_ungated
steered_minus_clean_margin,gemma3_27b,Gemma-3-27B,0.5,random_direction,random,20,-0.7312499687714009,,,40,1,all_recorded_ungated
steered_minus_clean_margin,gemma3_27b,Gemma-3-27B,1.0,random_direction,random,20,-4.553125147747967,,,40,1,all_recorded_ungated
steered_minus_clean_margin,gemma3_27b,Gemma-3-27B,-1.0,random_direction,random,21,-4.018750718600378,,,40,1,all_recorded_ungated
steered_minus_clean_margin,gemma3_27b,Gemma-3-27B,-0.5,random_direction,random,21,0.015624842757066127,,,40,1,all_recorded_ungated
steered_minus_clean_margin,gemma3_27b,Gemma-3-27B,0.0,random_direction,random,21,0.0,,,1,1,all_recorded_ungated
steered_minus_clean_margin,gemma3_27b,Gemma-3-27B,0.5,random_direction,random,21,-2.665625135687217,,,40,1,all_recorded_ungated
steered_minus_clean_margin,gemma3_27b,Gemma-3-27B,1.0,random_direction,random,21,-5.046874913468799,,,40,1,all_recorded_ungated
steered_minus_clean_margin,gemma3_27b,Gemma-3-27B,-1.0,random_direction,random,22,-2.6031250969940016,,,40,1,all_recorded_ungated
steered_minus_clean_margin,gemma3_27b,Gemma-3-27B,-0.5,random_direction,random,22,-0.05000010310122427,,,40,1,all_recorded_ungated
steered_minus_clean_margin,gemma3_27b,Gemma-3-27B,0.0,random_direction,random,22,0.0,,,1,1,all_recorded_ungated
steered_minus_clean_margin,gemma3_27b,Gemma-3-27B,0.5,random_direction,random,22,-2.43437510028277,,,40,1,all_recorded_ungated
steered_minus_clean_margin,gemma3_27b,Gemma-3-27B,1.0,random_direction,random,22,-4.331250384587596,,,40,1,all_recorded_ungated
steered_minus_clean_margin,gemma3_27b,Gemma-3-27B,-1.0,random_direction,random,23,-4.881251243792274,,,40,1,all_recorded_ungated
steered_minus_clean_margin,gemma3_27b,Gemma-3-27B,-0.5,random_direction,random,23,-1.0906252070261586,,,40,1,all_recorded_ungated
steered_minus_clean_margin,gemma3_27b,Gemma-3-27B,0.0,random_direction,random,23,0.0,,,1,1,all_recorded_ungated
steered_minus_clean_margin,gemma3_27b,Gemma-3-27B,0.5,random_direction,random,23,-1.2625000437466725,,,40,1,all_recorded_ungated
steered_minus_clean_margin,gemma3_27b,Gemma-3-27B,1.0,random_direction,random,23,-4.2000001026199945,,,40,1,all_recorded_ungated
steered_minus_clean_margin,gemma3_27b,Gemma-3-27B,-1.0,random_mean,random,mean,-3.958594620143943,-4.314062740311214,-3.58515769978863,960,24,all_recorded_ungated
steered_minus_clean_margin,gemma3_27b,Gemma-3-27B,-0.5,random_mean,random,mean,-1.1898438302387797,-1.5236980164295806,-0.8483073552766166,960,24,all_recorded_ungated
steered_minus_clean_margin,gemma3_27b,Gemma-3-27B,0.0,random_mean,random,mean,0.0,0.0,0.0,24,24,all_recorded_ungated
steered_minus_clean_margin,gemma3_27b,Gemma-3-27B,0.5,random_mean,random,mean,-1.095703186682437,-1.4384115389905585,-0.7613281810036748,960,24,all_recorded_ungated
steered_minus_clean_margin,gemma3_27b,Gemma-3-27B,1.0,random_mean,random,mean,-3.956123912148854,-4.325911763476931,-3.5549486159370343,960,24,all_recorded_ungated
steered_minus_clean_margin,llama31_8b,Llama-3.1-8B,-1.0,valenced,valenced,valenced,-1.3462550460420286,-1.4329687603018437,-1.2610214464282665,160,1,all_recorded_ungated
steered_minus_clean_margin,llama31_8b,Llama-3.1-8B,-0.5,valenced,valenced,valenced,-0.6609549599650746,-0.7125107533572863,-0.608611109719643,160,1,all_recorded_ungated
steered_minus_clean_margin,llama31_8b,Llama-3.1-8B,0.0,valenced,valenced,valenced,0.0,0.0,0.0,160,1,all_recorded_ungated
steered_minus_clean_margin,llama31_8b,Llama-3.1-8B,0.5,valenced,valenced,valenced,0.4453109886310006,0.3960949176387583,0.4961172247710979,160,1,all_recorded_ungated
steered_minus_clean_margin,llama31_8b,Llama-3.1-8B,1.0,valenced,valenced,valenced,0.5937427227529528,0.5038663318731426,0.6843935917816415,160,1,all_recorded_ungated
steered_minus_clean_margin,llama31_8b,Llama-3.1-8B,-1.0,random_direction,random,0,0.38437325070256706,,,40,1,all_recorded_ungated
steered_minus_clean_margin,llama31_8b,Llama-3.1-8B,-0.5,random_direction,random,0,0.2468760908441638,,,40,1,all_recorded_ungated
steered_minus_clean_margin,llama31_8b,Llama-3.1-8B,0.0,random_direction,random,0,0.0,,,1,1,all_recorded_ungated
steered_minus_clean_margin,llama31_8b,Llama-3.1-8B,0.5,random_direction,random,0,-0.2875049213551762,,,40,1,all_recorded_ungated
steered_minus_clean_margin,llama31_8b,Llama-3.1-8B,1.0,random_direction,random,0,-0.6156389013201313,,,40,1,all_recorded_ungated
steered_minus_clean_margin,llama31_8b,Llama-3.1-8B,-1.0,random_direction,random,1,-0.2531340292762222,,,40,1,all_recorded_ungated
steered_minus_clean_margin,llama31_8b,Llama-3.1-8B,-0.5,random_direction,random,1,-0.11250174405770111,,,40,1,all_recorded_ungated
steered_minus_clean_margin,llama31_8b,Llama-3.1-8B,0.0,random_direction,random,1,0.0,,,1,1,all_recorded_ungated
steered_minus_clean_margin,llama31_8b,Llama-3.1-8B,0.5,random_direction,random,1,0.11562479572812734,,,40,1,all_recorded_ungated
steered_minus_clean_margin,llama31_8b,Llama-3.1-8B,1.0,random_direction,random,1,0.14374465247724189,,,40,1,all_recorded_ungated
steered_minus_clean_margin,llama31_8b,Llama-3.1-8B,-1.0,random_direction,random,2,-0.27501040236295393,,,40,1,all_recorded_ungated
steered_minus_clean_margin,llama31_8b,Llama-3.1-8B,-0.5,random_direction,random,2,-0.15000488104028592,,,40,1,all_recorded_ungated
steered_minus_clean_margin,llama31_8b,Llama-3.1-8B,0.0,random_direction,random,2,0.0,,,1,1,all_recorded_ungated
steered_minus_clean_margin,llama31_8b,Llama-3.1-8B,0.5,random_direction,random,2,0.02812598313064374,,,40,1,all_recorded_ungated
steered_minus_clean_margin,llama31_8b,Llama-3.1-8B,1.0,random_direction,random,2,-0.11250556329541936,,,40,1,all_recorded_ungated
steered_minus_clean_margin,llama31_8b,Llama-3.1-8B,-1.0,random_direction,random,3,0.1937590444389862,,,40,1,all_recorded_ungated
steered_minus_clean_margin,llama31_8b,Llama-3.1-8B,-0.5,random_direction,random,3,0.1500068875893376,,,40,1,all_recorded_ungated
steered_minus_clean_margin,llama31_8b,Llama-3.1-8B,0.0,random_direction,random,3,0.0,,,1,1,all_recorded_ungated
steered_minus_clean_margin,llama31_8b,Llama-3.1-8B,0.5,random_direction,random,3,-0.22500693089581675,,,40,1,all_recorded_ungated
steered_minus_clean_margin,llama31_8b,Llama-3.1-8B,1.0,random_direction,random,3,-0.4875183295869512,,,40,1,all_recorded_ungated
steered_minus_clean_margin,llama31_8b,Llama-3.1-8B,-1.0,random_direction,random,4,0.018754117866988905,,,40,1,all_recorded_ungated
steered_minus_clean_margin,llama31_8b,Llama-3.1-8B,-0.5,random_direction,random,4,0.05000242798123615,,,40,1,all_recorded_ungated
steered_minus_clean_margin,llama31_8b,Llama-3.1-8B,0.0,random_direction,random,4,0.0,,,1,1,all_recorded_ungated
steered_minus_clean_margin,llama31_8b,Llama-3.1-8B,0.5,random_direction,random,4,-0.12187755809105098,,,40,1,all_recorded_ungated
steered_minus_clean_margin,llama31_8b,Llama-3.1-8B,1.0,random_direction,random,4,-0.30938454916101465,,,40,1,all_recorded_ungated
steered_minus_clean_margin,llama31_8b,Llama-3.1-8B,-1.0,random_direction,random,5,0.25624636758549074,,,40,1,all_recorded_ungated
steered_minus_clean_margin,llama31_8b,Llama-3.1-8B,-0.5,random_direction,random,5,0.21562512759947267,,,40,1,all_recorded_ungated
steered_minus_clean_margin,llama31_8b,Llama-3.1-8B,0.0,random_direction,random,5,0.0,,,1,1,all_recorded_ungated
steered_minus_clean_margin,llama31_8b,Llama-3.1-8B,0.5,random_direction,random,5,-0.27500345325302344,,,40,1,all_recorded_ungated
steered_minus_clean_margin,llama31_8b,Llama-3.1-8B,1.0,random_direction,random,5,-0.5406317220763264,,,40,1,all_recorded_ungated
steered_minus_clean_margin,llama31_8b,Llama-3.1-8B,-1.0,random_direction,random,6,-0.2687571737077107,,,40,1,all_recorded_ungated
steered_minus_clean_margin,llama31_8b,Llama-3.1-8B,-0.5,random_direction,random,6,-0.06562671128085924,,,40,1,all_recorded_ungated
steered_minus_clean_margin,llama31_8b,Llama-3.1-8B,0.0,random_direction,random,6,0.0,,,1,1,all_recorded_ungated
steered_minus_clean_margin,llama31_8b,Llama-3.1-8B,0.5,random_direction,random,6,-0.009377550313963923,,,40,1,all_recorded_ungated
steered_minus_clean_margin,llama31_8b,Llama-3.1-8B,1.0,random_direction,random,6,-0.14063765435411996,,,40,1,all_recorded_ungated
steered_minus_clean_margin,llama31_8b,Llama-3.1-8B,-1.0,random_direction,random,7,-0.05312827751637954,,,40,1,all_recorded_ungated
steered_minus_clean_margin,llama31_8b,Llama-3.1-8B,-0.5,random_direction,random,7,0.03750000481953908,,,40,1,all_recorded_ungated
steered_minus_clean_margin,llama31_8b,Llama-3.1-8B,0.0,random_direction,random,7,0.0,,,1,1,all_recorded_ungated
steered_minus_clean_margin,llama31_8b,Llama-3.1-8B,0.5,random_direction,random,7,-0.09062737345171498,,,40,1,all_recorded_ungated
steered_minus_clean_margin,llama31_8b,Llama-3.1-8B,1.0,random_direction,random,7,-0.2687575840651185,,,40,1,all_recorded_ungated
steered_minus_clean_margin,llama31_8b,Llama-3.1-8B,-1.0,random_direction,random,8,-0.4343768654563419,,,40,1,all_recorded_ungated
steered_minus_clean_margin,llama31_8b,Llama-3.1-8B,-0.5,random_direction,random,8,-0.20937508130351007,,,40,1,all_recorded_ungated
steered_minus_clean_margin,llama31_8b,Llama-3.1-8B,0.0,random_direction,random,8,0.0,,,1,1,all_recorded_ungated
steered_minus_clean_margin,llama31_8b,Llama-3.1-8B,0.5,random_direction,random,8,0.18124685062159857,,,40,1,all_recorded_ungated
steered_minus_clean_margin,llama31_8b,Llama-3.1-8B,1.0,random_direction,random,8,0.278118611344447,,,40,1,all_recorded_ungated
steered_minus_clean_margin,llama31_8b,Llama-3.1-8B,-1.0,random_direction,random,9,-0.23750051282735568,,,40,1,all_recorded_ungated
steered_minus_clean_margin,llama31_8b,Llama-3.1-8B,-0.5,random_direction,random,9,-0.07499784965631591,,,40,1,all_recorded_ungated
steered_minus_clean_margin,llama31_8b,Llama-3.1-8B,0.0,random_direction,random,9,0.0,,,1,1,all_recorded_ungated
steered_minus_clean_margin,llama31_8b,Llama-3.1-8B,0.5,random_direction,random,9,0.021870347829282367,,,40,1,all_recorded_ungated
steered_minus_clean_margin,llama31_8b,Llama-3.1-8B,1.0,random_direction,random,9,-0.09688580017178605,,,40,1,all_recorded_ungated
steered_minus_clean_margin,llama31_8b,Llama-3.1-8B,-1.0,random_direction,random,10,-0.315633933282216,,,40,1,all_recorded_ungated
steered_minus_clean_margin,llama31_8b,Llama-3.1-8B,-0.5,random_direction,random,10,-0.15625481440458255,,,40,1,all_recorded_ungated
steered_minus_clean_margin,llama31_8b,Llama-3.1-8B,0.0,random_direction,random,10,0.0,,,1,1,all_recorded_ungated
steered_minus_clean_margin,llama31_8b,Llama-3.1-8B,0.5,random_direction,random,10,0.06875384782008567,,,40,1,all_recorded_ungated
steered_minus_clean_margin,llama31_8b,Llama-3.1-8B,1.0,random_direction,random,10,3.1869698212005916e-06,,,40,1,all_recorded_ungated
steered_minus_clean_margin,llama31_8b,Llama-3.1-8B,-1.0,random_direction,random,11,-0.27499870223139383,,,40,1,all_recorded_ungated
steered_minus_clean_margin,llama31_8b,Llama-3.1-8B,-0.5,random_direction,random,11,-0.10624867677125138,,,40,1,all_recorded_ungated
steered_minus_clean_margin,llama31_8b,Llama-3.1-8B,0.0,random_direction,random,11,0.0,,,1,1,all_recorded_ungated
steered_minus_clean_margin,llama31_8b,Llama-3.1-8B,0.5,random_direction,random,11,0.05312030342569276,,,40,1,all_recorded_ungated
steered_minus_clean_margin,llama31_8b,Llama-3.1-8B,1.0,random_direction,random,11,-0.03751119381938679,,,40,1,all_recorded_ungated
steered_minus_clean_margin,llama31_8b,Llama-3.1-8B,-1.0,random_direction,random,12,-0.03750369756065695,,,40,1,all_recorded_ungated
steered_minus_clean_margin,llama31_8b,Llama-3.1-8B,-0.5,random_direction,random,12,0.009375578348083734,,,40,1,all_recorded_ungated
steered_minus_clean_margin,llama31_8b,Llama-3.1-8B,0.0,random_direction,random,12,0.0,,,1,1,all_recorded_ungated
steered_minus_clean_margin,llama31_8b,Llama-3.1-8B,0.5,random_direction,random,12,-0.07187813985293712,,,40,1,all_recorded_ungated
steered_minus_clean_margin,llama31_8b,Llama-3.1-8B,1.0,random_direction,random,12,-0.30938199014474466,,,40,1,all_recorded_ungated
steered_minus_clean_margin,llama31_8b,Llama-3.1-8B,-1.0,random_direction,random,13,-0.30314380828296966,,,40,1,all_recorded_ungated
steered_minus_clean_margin,llama31_8b,Llama-3.1-8B,-0.5,random_direction,random,13,-0.12500738737323847,,,40,1,all_recorded_ungated
steered_minus_clean_margin,llama31_8b,Llama-3.1-8B,0.0,random_direction,random,13,0.0,,,1,1,all_recorded_ungated
steered_minus_clean_margin,llama31_8b,Llama-3.1-8B,0.5,random_direction,random,13,0.02812612513307542,,,40,1,all_recorded_ungated
steered_minus_clean_margin,llama31_8b,Llama-3.1-8B,1.0,random_direction,random,13,-0.07812609428218095,,,40,1,all_recorded_ungated
steered_minus_clean_margin,llama31_8b,Llama-3.1-8B,-1.0,random_direction,random,14,-0.056254659804066166,,,40,1,all_recorded_ungated
steered_minus_clean_margin,llama31_8b,Llama-3.1-8B,-0.5,random_direction,random,14,0.006250662854088773,,,40,1,all_recorded_ungated
steered_minus_clean_margin,llama31_8b,Llama-3.1-8B,0.0,random_direction,random,14,0.0,,,1,1,all_recorded_ungated
steered_minus_clean_margin,llama31_8b,Llama-3.1-8B,0.5,random_direction,random,14,-0.0843787271057174,,,40,1,all_recorded_ungated
steered_minus_clean_margin,llama31_8b,Llama-3.1-8B,1.0,random_direction,random,14,-0.20938789917456474,,,40,1,all_recorded_ungated
steered_minus_clean_margin,llama31_8b,Llama-3.1-8B,-1.0,random_direction,random,15,-0.3406287051151587,,,40,1,all_recorded_ungated
steered_minus_clean_margin,llama31_8b,Llama-3.1-8B,-0.5,random_direction,random,15,-0.14375110755830658,,,40,1,all_recorded_ungated
steered_minus_clean_margin,llama31_8b,Llama-3.1-8B,0.0,random_direction,random,15,0.0,,,1,1,all_recorded_ungated
steered_minus_clean_margin,llama31_8b,Llama-3.1-8B,0.5,random_direction,random,15,0.03749837275478925,,,40,1,all_recorded_ungated
steered_minus_clean_margin,llama31_8b,Llama-3.1-8B,1.0,random_direction,random,15,-0.03437964556696684,,,40,1,all_recorded_ungated
steered_minus_clean_margin,llama31_8b,Llama-3.1-8B,-1.0,random_direction,random,16,-0.2750091484413346,,,40,1,all_recorded_ungated
steered_minus_clean_margin,llama31_8b,Llama-3.1-8B,-0.5,random_direction,random,16,-0.10000155925200645,,,40,1,all_recorded_ungated
steered_minus_clean_margin,llama31_8b,Llama-3.1-8B,0.0,random_direction,random,16,0.0,,,1,1,all_recorded_ungated
steered_minus_clean_margin,llama31_8b,Llama-3.1-8B,0.5,random_direction,random,16,0.1031236716595851,,,40,1,all_recorded_ungated
steered_minus_clean_margin,llama31_8b,Llama-3.1-8B,1.0,random_direction,random,16,0.1656205034283566,,,40,1,all_recorded_ungated
steered_minus_clean_margin,llama31_8b,Llama-3.1-8B,-1.0,random_direction,random,17,0.19061810431760834,,,40,1,all_recorded_ungated
steered_minus_clean_margin,llama31_8b,Llama-3.1-8B,-0.5,random_direction,random,17,0.1843754726708589,,,40,1,all_recorded_ungated
steered_minus_clean_margin,llama31_8b,Llama-3.1-8B,0.0,random_direction,random,17,0.0,,,1,1,all_recorded_ungated
steered_minus_clean_margin,llama31_8b,Llama-3.1-8B,0.5,random_direction,random,17,-0.2187515435877847,,,40,1,all_recorded_ungated
steered_minus_clean_margin,llama31_8b,Llama-3.1-8B,1.0,random_direction,random,17,-0.4500087947410156,,,40,1,all_recorded_ungated
steered_minus_clean_margin,llama31_8b,Llama-3.1-8B,-1.0,random_direction,random,18,-0.3812577858313112,,,40,1,all_recorded_ungated
steered_minus_clean_margin,llama31_8b,Llama-3.1-8B,-0.5,random_direction,random,18,-0.18125421331134534,,,40,1,all_recorded_ungated
steered_minus_clean_margin,llama31_8b,Llama-3.1-8B,0.0,random_direction,random,18,0.0,,,1,1,all_recorded_ungated
steered_minus_clean_margin,llama31_8b,Llama-3.1-8B,0.5,random_direction,random,18,0.09375176144703375,,,40,1,all_recorded_ungated
steered_minus_clean_margin,llama31_8b,Llama-3.1-8B,1.0,random_direction,random,18,0.04999766319410739,,,40,1,all_recorded_ungated
steered_minus_clean_margin,llama31_8b,Llama-3.1-8B,-1.0,random_direction,random,19,-0.02187574836806121,,,40,1,all_recorded_ungated
steered_minus_clean_margin,llama31_8b,Llama-3.1-8B,-0.5,random_direction,random,19,0.05625280928267884,,,40,1,all_recorded_ungated
steered_minus_clean_margin,llama31_8b,Llama-3.1-8B,0.0,random_direction,random,19,0.0,,,1,1,all_recorded_ungated
steered_minus_clean_margin,llama31_8b,Llama-3.1-8B,0.5,random_direction,random,19,-0.11562917552323437,,,40,1,all_recorded_ungated
steered_minus_clean_margin,llama31_8b,Llama-3.1-8B,1.0,random_direction,random,19,-0.31563519200422085,,,40,1,all_recorded_ungated
steered_minus_clean_margin,llama31_8b,Llama-3.1-8B,-1.0,random_direction,random,20,0.06250191576430027,,,40,1,all_recorded_ungated
steered_minus_clean_margin,llama31_8b,Llama-3.1-8B,-0.5,random_direction,random,20,0.09687850370267412,,,40,1,all_recorded_ungated
steered_minus_clean_margin,llama31_8b,Llama-3.1-8B,0.0,random_direction,random,20,0.0,,,1,1,all_recorded_ungated
steered_minus_clean_margin,llama31_8b,Llama-3.1-8B,0.5,random_direction,random,20,-0.13437679655720808,,,40,1,all_recorded_ungated
steered_minus_clean_margin,llama31_8b,Llama-3.1-8B,1.0,random_direction,random,20,-0.3187558412439392,,,40,1,all_recorded_ungated
steered_minus_clean_margin,llama31_8b,Llama-3.1-8B,-1.0,random_direction,random,21,0.031246449884793748,,,40,1,all_recorded_ungated
steered_minus_clean_margin,llama31_8b,Llama-3.1-8B,-0.5,random_direction,random,21,0.06249942000400495,,,40,1,all_recorded_ungated
steered_minus_clean_margin,llama31_8b,Llama-3.1-8B,0.0,random_direction,random,21,0.0,,,1,1,all_recorded_ungated
steered_minus_clean_margin,llama31_8b,Llama-3.1-8B,0.5,random_direction,random,21,-0.1687542409140029,,,40,1,all_recorded_ungated
steered_minus_clean_margin,llama31_8b,Llama-3.1-8B,1.0,random_direction,random,21,-0.37814537776320467,,,40,1,all_recorded_ungated
steered_minus_clean_margin,llama31_8b,Llama-3.1-8B,-1.0,random_direction,random,22,-0.2687544566376353,,,40,1,all_recorded_ungated
steered_minus_clean_margin,llama31_8b,Llama-3.1-8B,-0.5,random_direction,random,22,-0.09375197929252081,,,40,1,all_recorded_ungated
steered_minus_clean_margin,llama31_8b,Llama-3.1-8B,0.0,random_direction,random,22,0.0,,,1,1,all_recorded_ungated
steered_minus_clean_margin,llama31_8b,Llama-3.1-8B,0.5,random_direction,random,22,0.028123966032446823,,,40,1,all_recorded_ungated
steered_minus_clean_margin,llama31_8b,Llama-3.1-8B,1.0,random_direction,random,22,-0.012506908596664168,,,40,1,all_recorded_ungated
steered_minus_clean_margin,llama31_8b,Llama-3.1-8B,-1.0,random_direction,random,23,-0.10001679668440958,,,40,1,all_recorded_ungated
steered_minus_clean_margin,llama31_8b,Llama-3.1-8B,-0.5,random_direction,random,23,-0.0031279674299256044,,,40,1,all_recorded_ungated
steered_minus_clean_margin,llama31_8b,Llama-3.1-8B,0.0,random_direction,random,23,0.0,,,1,1,all_recorded_ungated
steered_minus_clean_margin,llama31_8b,Llama-3.1-8B,0.5,random_direction,random,23,-0.0718769730011573,,,40,1,all_recorded_ungated
steered_minus_clean_margin,llama31_8b,Llama-3.1-8B,1.0,random_direction,random,23,-0.1656317626796678,,,40,1,all_recorded_ungated
steered_minus_clean_margin,llama31_8b,Llama-3.1-8B,-1.0,random_mean,random,mean,-0.11497856053439341,-0.19935360018206164,-0.025395327524594623,960,24,all_recorded_ungated
steered_minus_clean_margin,llama31_8b,Llama-3.1-8B,-0.5,random_mean,random,mean,-0.016927541126487953,-0.06588761442455561,0.03463482540084572,960,24,all_recorded_ungated
steered_minus_clean_margin,llama31_8b,Llama-3.1-8B,0.0,random_mean,random,mean,0.0,0.0,0.0,24,24,all_recorded_ungated
steered_minus_clean_margin,llama31_8b,Llama-3.1-8B,0.5,random_mean,random,mean,-0.04648655659668447,-0.0990905492786371,0.0035138277578125425,960,24,all_recorded_ungated
steered_minus_clean_margin,llama31_8b,Llama-3.1-8B,1.0,random_mean,random,mean,-0.17683109110972706,-0.2687586094208462,-0.08581525654638493,960,24,all_recorded_ungated
